frame,branch1_score,branch2_score,ground_truth
0,0.9381992220878601,0.9987422227859497,0
1,0.9381992220878601,0.9987422227859497,0
2,0.9381992220878601,0.9987422227859497,0
3,0.9381992220878601,0.9987422227859497,0
4,0.9381992220878601,0.9987422227859497,0
5,0.9381992220878601,0.9987422227859497,0
6,0.9381992220878601,0.9987422227859497,0
7,0.9381992220878601,0.9987422227859497,0
8,0.9381992220878601,0.9987422227859497,0
9,0.9381992220878601,0.9987422227859497,0
10,0.9381992220878601,0.9987422227859497,0
11,0.9381992220878601,0.9987422227859497,0
12,0.9381992220878601,0.9987422227859497,0
13,0.9381992220878601,0.9987422227859497,0
14,0.9381992220878601,0.9987422227859497,0
15,0.9381992220878601,0.9987422227859497,0
16,0.9771075248718262,0.9988000392913818,0
17,0.9771075248718262,0.9988000392913818,0
18,0.9771075248718262,0.9988000392913818,0
19,0.9771075248718262,0.9988000392913818,0
20,0.9771075248718262,0.9988000392913818,0
21,0.9771075248718262,0.9988000392913818,0
22,0.9771075248718262,0.9988000392913818,0
23,0.9771075248718262,0.9988000392913818,0
24,0.9771075248718262,0.9988000392913818,0
25,0.9771075248718262,0.9988000392913818,0
26,0.9771075248718262,0.9988000392913818,0
27,0.9771075248718262,0.9988000392913818,0
28,0.9771075248718262,0.9988000392913818,0
29,0.9771075248718262,0.9988000392913818,0
30,0.9771075248718262,0.9988000392913818,0
31,0.9771075248718262,0.9988000392913818,0
32,0.9904820919036865,0.9988564252853394,0
33,0.9904820919036865,0.9988564252853394,0
34,0.9904820919036865,0.9988564252853394,0
35,0.9904820919036865,0.9988564252853394,0
36,0.9904820919036865,0.9988564252853394,0
37,0.9904820919036865,0.9988564252853394,0
38,0.9904820919036865,0.9988564252853394,0
39,0.9904820919036865,0.9988564252853394,0
40,0.9904820919036865,0.9988564252853394,0
41,0.9904820919036865,0.9988564252853394,0
42,0.9904820919036865,0.9988564252853394,0
43,0.9904820919036865,0.9988564252853394,0
44,0.9904820919036865,0.9988564252853394,0
45,0.9904820919036865,0.9988564252853394,0
46,0.9904820919036865,0.9988564252853394,0
47,0.9904820919036865,0.9988564252853394,0
48,0.9946731925010681,0.998833179473877,0
49,0.9946731925010681,0.998833179473877,0
50,0.9946731925010681,0.998833179473877,0
51,0.9946731925010681,0.998833179473877,0
52,0.9946731925010681,0.998833179473877,0
53,0.9946731925010681,0.998833179473877,0
54,0.9946731925010681,0.998833179473877,0
55,0.9946731925010681,0.998833179473877,0
56,0.9946731925010681,0.998833179473877,0
57,0.9946731925010681,0.998833179473877,0
58,0.9946731925010681,0.998833179473877,0
59,0.9946731925010681,0.998833179473877,0
60,0.9946731925010681,0.998833179473877,0
61,0.9946731925010681,0.998833179473877,0
62,0.9946731925010681,0.998833179473877,0
63,0.9946731925010681,0.998833179473877,0
64,0.9972456693649292,0.9988275170326233,0
65,0.9972456693649292,0.9988275170326233,0
66,0.9972456693649292,0.9988275170326233,0
67,0.9972456693649292,0.9988275170326233,0
68,0.9972456693649292,0.9988275170326233,0
69,0.9972456693649292,0.9988275170326233,0
70,0.9972456693649292,0.9988275170326233,0
71,0.9972456693649292,0.9988275170326233,0
72,0.9972456693649292,0.9988275170326233,0
73,0.9972456693649292,0.9988275170326233,0
74,0.9972456693649292,0.9988275170326233,0
75,0.9972456693649292,0.9988275170326233,0
76,0.9972456693649292,0.9988275170326233,0
77,0.9972456693649292,0.9988275170326233,0
78,0.9972456693649292,0.9988275170326233,0
79,0.9972456693649292,0.9988275170326233,0
80,0.9981080293655396,0.9988276362419128,0
81,0.9981080293655396,0.9988276362419128,0
82,0.9981080293655396,0.9988276362419128,0
83,0.9981080293655396,0.9988276362419128,0
84,0.9981080293655396,0.9988276362419128,0
85,0.9981080293655396,0.9988276362419128,0
86,0.9981080293655396,0.9988276362419128,0
87,0.9981080293655396,0.9988276362419128,0
88,0.9981080293655396,0.9988276362419128,0
89,0.9981080293655396,0.9988276362419128,0
90,0.9981080293655396,0.9988276362419128,0
91,0.9981080293655396,0.9988276362419128,0
92,0.9981080293655396,0.9988276362419128,0
93,0.9981080293655396,0.9988276362419128,0
94,0.9981080293655396,0.9988276362419128,0
95,0.9981080293655396,0.9988276362419128,0
96,0.9985169768333435,0.9987930655479431,0
97,0.9985169768333435,0.9987930655479431,0
98,0.9985169768333435,0.9987930655479431,0
99,0.9985169768333435,0.9987930655479431,0
100,0.9985169768333435,0.9987930655479431,0
101,0.9985169768333435,0.9987930655479431,0
102,0.9985169768333435,0.9987930655479431,0
103,0.9985169768333435,0.9987930655479431,0
104,0.9985169768333435,0.9987930655479431,0
105,0.9985169768333435,0.9987930655479431,0
106,0.9985169768333435,0.9987930655479431,0
107,0.9985169768333435,0.9987930655479431,0
108,0.9985169768333435,0.9987930655479431,0
109,0.9985169768333435,0.9987930655479431,0
110,0.9985169768333435,0.9987930655479431,0
111,0.9985169768333435,0.9987930655479431,0
112,0.9987956285476685,0.9987453818321228,0
113,0.9987956285476685,0.9987453818321228,0
114,0.9987956285476685,0.9987453818321228,0
115,0.9987956285476685,0.9987453818321228,0
116,0.9987956285476685,0.9987453818321228,0
117,0.9987956285476685,0.9987453818321228,0
118,0.9987956285476685,0.9987453818321228,0
119,0.9987956285476685,0.9987453818321228,0
120,0.9987956285476685,0.9987453818321228,0
121,0.9987956285476685,0.9987453818321228,0
122,0.9987956285476685,0.9987453818321228,0
123,0.9987956285476685,0.9987453818321228,0
124,0.9987956285476685,0.9987453818321228,0
125,0.9987956285476685,0.9987453818321228,0
126,0.9987956285476685,0.9987453818321228,0
127,0.9987956285476685,0.9987453818321228,0
128,0.9991183876991272,0.9987985491752625,0
129,0.9991183876991272,0.9987985491752625,0
130,0.9991183876991272,0.9987985491752625,0
131,0.9991183876991272,0.9987985491752625,0
132,0.9991183876991272,0.9987985491752625,0
133,0.9991183876991272,0.9987985491752625,0
134,0.9991183876991272,0.9987985491752625,0
135,0.9991183876991272,0.9987985491752625,0
136,0.9991183876991272,0.9987985491752625,0
137,0.9991183876991272,0.9987985491752625,0
138,0.9991183876991272,0.9987985491752625,0
139,0.9991183876991272,0.9987985491752625,0
140,0.9991183876991272,0.9987985491752625,0
141,0.9991183876991272,0.9987985491752625,0
142,0.9991183876991272,0.9987985491752625,0
143,0.9991183876991272,0.9987985491752625,0
144,0.9992257356643677,0.9987143278121948,0
145,0.9992257356643677,0.9987143278121948,0
146,0.9992257356643677,0.9987143278121948,0
147,0.9992257356643677,0.9987143278121948,0
148,0.9992257356643677,0.9987143278121948,0
149,0.9992257356643677,0.9987143278121948,0
150,0.9992257356643677,0.9987143278121948,0
151,0.9992257356643677,0.9987143278121948,0
152,0.9992257356643677,0.9987143278121948,0
153,0.9992257356643677,0.9987143278121948,0
154,0.9992257356643677,0.9987143278121948,0
155,0.9992257356643677,0.9987143278121948,0
156,0.9992257356643677,0.9987143278121948,0
157,0.9992257356643677,0.9987143278121948,0
158,0.9992257356643677,0.9987143278121948,0
159,0.9992257356643677,0.9987143278121948,0
160,0.9994041919708252,0.9987075328826904,0
161,0.9994041919708252,0.9987075328826904,0
162,0.9994041919708252,0.9987075328826904,0
163,0.9994041919708252,0.9987075328826904,0
164,0.9994041919708252,0.9987075328826904,0
165,0.9994041919708252,0.9987075328826904,0
166,0.9994041919708252,0.9987075328826904,0
167,0.9994041919708252,0.9987075328826904,0
168,0.9994041919708252,0.9987075328826904,0
169,0.9994041919708252,0.9987075328826904,0
170,0.9994041919708252,0.9987075328826904,0
171,0.9994041919708252,0.9987075328826904,0
172,0.9994041919708252,0.9987075328826904,0
173,0.9994041919708252,0.9987075328826904,0
174,0.9994041919708252,0.9987075328826904,0
175,0.9994041919708252,0.9987075328826904,0
176,0.9994630217552185,0.9986438155174255,0
177,0.9994630217552185,0.9986438155174255,0
178,0.9994630217552185,0.9986438155174255,0
179,0.9994630217552185,0.9986438155174255,0
180,0.9994630217552185,0.9986438155174255,0
181,0.9994630217552185,0.9986438155174255,0
182,0.9994630217552185,0.9986438155174255,0
183,0.9994630217552185,0.9986438155174255,0
184,0.9994630217552185,0.9986438155174255,0
185,0.9994630217552185,0.9986438155174255,0
186,0.9994630217552185,0.9986438155174255,0
187,0.9994630217552185,0.9986438155174255,0
188,0.9994630217552185,0.9986438155174255,0
189,0.9994630217552185,0.9986438155174255,0
190,0.9994630217552185,0.9986438155174255,0
191,0.9994630217552185,0.9986438155174255,0
192,0.999487042427063,0.9985682964324951,0
193,0.999487042427063,0.9985682964324951,0
194,0.999487042427063,0.9985682964324951,0
195,0.999487042427063,0.9985682964324951,0
196,0.999487042427063,0.9985682964324951,0
197,0.999487042427063,0.9985682964324951,0
198,0.999487042427063,0.9985682964324951,0
199,0.999487042427063,0.9985682964324951,0
200,0.999487042427063,0.9985682964324951,0
201,0.999487042427063,0.9985682964324951,0
202,0.999487042427063,0.9985682964324951,0
203,0.999487042427063,0.9985682964324951,0
204,0.999487042427063,0.9985682964324951,0
205,0.999487042427063,0.9985682964324951,0
206,0.999487042427063,0.9985682964324951,0
207,0.999487042427063,0.9985682964324951,0
208,0.999537467956543,0.9985275864601135,0
209,0.999537467956543,0.9985275864601135,0
210,0.999537467956543,0.9985275864601135,0
211,0.999537467956543,0.9985275864601135,0
212,0.999537467956543,0.9985275864601135,0
213,0.999537467956543,0.9985275864601135,0
214,0.999537467956543,0.9985275864601135,0
215,0.999537467956543,0.9985275864601135,0
216,0.999537467956543,0.9985275864601135,0
217,0.999537467956543,0.9985275864601135,0
218,0.999537467956543,0.9985275864601135,0
219,0.999537467956543,0.9985275864601135,0
220,0.999537467956543,0.9985275864601135,0
221,0.999537467956543,0.9985275864601135,0
222,0.999537467956543,0.9985275864601135,0
223,0.999537467956543,0.9985275864601135,0
224,0.9995772242546082,0.9985259175300598,0
225,0.9995772242546082,0.9985259175300598,0
226,0.9995772242546082,0.9985259175300598,0
227,0.9995772242546082,0.9985259175300598,0
228,0.9995772242546082,0.9985259175300598,0
229,0.9995772242546082,0.9985259175300598,0
230,0.9995772242546082,0.9985259175300598,0
231,0.9995772242546082,0.9985259175300598,0
232,0.9995772242546082,0.9985259175300598,0
233,0.9995772242546082,0.9985259175300598,0
234,0.9995772242546082,0.9985259175300598,0
235,0.9995772242546082,0.9985259175300598,0
236,0.9995772242546082,0.9985259175300598,0
237,0.9995772242546082,0.9985259175300598,0
238,0.9995772242546082,0.9985259175300598,0
239,0.9995772242546082,0.9985259175300598,0
240,0.9995993971824646,0.9986124038696289,0
241,0.9995993971824646,0.9986124038696289,0
242,0.9995993971824646,0.9986124038696289,0
243,0.9995993971824646,0.9986124038696289,0
244,0.9995993971824646,0.9986124038696289,0
245,0.9995993971824646,0.9986124038696289,0
246,0.9995993971824646,0.9986124038696289,0
247,0.9995993971824646,0.9986124038696289,0
248,0.9995993971824646,0.9986124038696289,0
249,0.9995993971824646,0.9986124038696289,0
250,0.9995993971824646,0.9986124038696289,0
251,0.9995993971824646,0.9986124038696289,0
252,0.9995993971824646,0.9986124038696289,0
253,0.9995993971824646,0.9986124038696289,0
254,0.9995993971824646,0.9986124038696289,0
255,0.9995993971824646,0.9986124038696289,0
256,0.9995662569999695,0.9985973834991455,0
257,0.9995662569999695,0.9985973834991455,0
258,0.9995662569999695,0.9985973834991455,0
259,0.9995662569999695,0.9985973834991455,0
260,0.9995662569999695,0.9985973834991455,0
261,0.9995662569999695,0.9985973834991455,0
262,0.9995662569999695,0.9985973834991455,0
263,0.9995662569999695,0.9985973834991455,0
264,0.9995662569999695,0.9985973834991455,0
265,0.9995662569999695,0.9985973834991455,0
266,0.9995662569999695,0.9985973834991455,0
267,0.9995662569999695,0.9985973834991455,0
268,0.9995662569999695,0.9985973834991455,0
269,0.9995662569999695,0.9985973834991455,0
270,0.9995662569999695,0.9985973834991455,0
271,0.9995662569999695,0.9985973834991455,0
272,0.9995410442352295,0.9986293911933899,0
273,0.9995410442352295,0.9986293911933899,0
274,0.9995410442352295,0.9986293911933899,0
275,0.9995410442352295,0.9986293911933899,0
276,0.9995410442352295,0.9986293911933899,0
277,0.9995410442352295,0.9986293911933899,0
278,0.9995410442352295,0.9986293911933899,0
279,0.9995410442352295,0.9986293911933899,0
280,0.9995410442352295,0.9986293911933899,0
281,0.9995410442352295,0.9986293911933899,0
282,0.9995410442352295,0.9986293911933899,0
283,0.9995410442352295,0.9986293911933899,0
284,0.9995410442352295,0.9986293911933899,0
285,0.9995410442352295,0.9986293911933899,0
286,0.9995410442352295,0.9986293911933899,0
287,0.9995410442352295,0.9986293911933899,0
288,0.9994401335716248,0.9985480904579163,0
289,0.9994401335716248,0.9985480904579163,0
290,0.9994401335716248,0.9985480904579163,0
291,0.9994401335716248,0.9985480904579163,0
292,0.9994401335716248,0.9985480904579163,0
293,0.9994401335716248,0.9985480904579163,0
294,0.9994401335716248,0.9985480904579163,0
295,0.9994401335716248,0.9985480904579163,0
296,0.9994401335716248,0.9985480904579163,0
297,0.9994401335716248,0.9985480904579163,0
298,0.9994401335716248,0.9985480904579163,0
299,0.9994401335716248,0.9985480904579163,0
300,0.9994401335716248,0.9985480904579163,0
301,0.9994401335716248,0.9985480904579163,0
302,0.9994401335716248,0.9985480904579163,0
303,0.9994401335716248,0.9985480904579163,0
304,0.9992916584014893,0.9984614849090576,0
305,0.9992916584014893,0.9984614849090576,0
306,0.9992916584014893,0.9984614849090576,0
307,0.9992916584014893,0.9984614849090576,0
308,0.9992916584014893,0.9984614849090576,0
309,0.9992916584014893,0.9984614849090576,0
310,0.9992916584014893,0.9984614849090576,0
311,0.9992916584014893,0.9984614849090576,0
312,0.9992916584014893,0.9984614849090576,0
313,0.9992916584014893,0.9984614849090576,0
314,0.9992916584014893,0.9984614849090576,0
315,0.9992916584014893,0.9984614849090576,0
316,0.9992916584014893,0.9984614849090576,0
317,0.9992916584014893,0.9984614849090576,0
318,0.9992916584014893,0.9984614849090576,0
319,0.9992916584014893,0.9984614849090576,0
320,0.9991077780723572,0.9983229041099548,0
321,0.9991077780723572,0.9983229041099548,0
322,0.9991077780723572,0.9983229041099548,0
323,0.9991077780723572,0.9983229041099548,0
324,0.9991077780723572,0.9983229041099548,0
325,0.9991077780723572,0.9983229041099548,0
326,0.9991077780723572,0.9983229041099548,0
327,0.9991077780723572,0.9983229041099548,0
328,0.9991077780723572,0.9983229041099548,0
329,0.9991077780723572,0.9983229041099548,0
330,0.9991077780723572,0.9983229041099548,0
331,0.9991077780723572,0.9983229041099548,0
332,0.9991077780723572,0.9983229041099548,0
333,0.9991077780723572,0.9983229041099548,0
334,0.9991077780723572,0.9983229041099548,0
335,0.9991077780723572,0.9983229041099548,0
336,0.9988528490066528,0.9982010126113892,0
337,0.9988528490066528,0.9982010126113892,0
338,0.9988528490066528,0.9982010126113892,0
339,0.9988528490066528,0.9982010126113892,0
340,0.9988528490066528,0.9982010126113892,0
341,0.9988528490066528,0.9982010126113892,0
342,0.9988528490066528,0.9982010126113892,0
343,0.9988528490066528,0.9982010126113892,0
344,0.9988528490066528,0.9982010126113892,0
345,0.9988528490066528,0.9982010126113892,0
346,0.9988528490066528,0.9982010126113892,0
347,0.9988528490066528,0.9982010126113892,0
348,0.9988528490066528,0.9982010126113892,0
349,0.9988528490066528,0.9982010126113892,0
350,0.9988528490066528,0.9982010126113892,0
351,0.9988528490066528,0.9982010126113892,0
352,0.9984185695648193,0.9979963898658752,0
353,0.9984185695648193,0.9979963898658752,0
354,0.9984185695648193,0.9979963898658752,0
355,0.9984185695648193,0.9979963898658752,0
356,0.9984185695648193,0.9979963898658752,0
357,0.9984185695648193,0.9979963898658752,0
358,0.9984185695648193,0.9979963898658752,0
359,0.9984185695648193,0.9979963898658752,0
360,0.9984185695648193,0.9979963898658752,0
361,0.9984185695648193,0.9979963898658752,0
362,0.9984185695648193,0.9979963898658752,0
363,0.9984185695648193,0.9979963898658752,0
364,0.9984185695648193,0.9979963898658752,0
365,0.9984185695648193,0.9979963898658752,0
366,0.9984185695648193,0.9979963898658752,0
367,0.9984185695648193,0.9979963898658752,0
368,0.9980446100234985,0.9977967143058777,0
369,0.9980446100234985,0.9977967143058777,0
370,0.9980446100234985,0.9977967143058777,0
371,0.9980446100234985,0.9977967143058777,0
372,0.9980446100234985,0.9977967143058777,0
373,0.9980446100234985,0.9977967143058777,0
374,0.9980446100234985,0.9977967143058777,0
375,0.9980446100234985,0.9977967143058777,0
376,0.9980446100234985,0.9977967143058777,0
377,0.9980446100234985,0.9977967143058777,0
378,0.9980446100234985,0.9977967143058777,0
379,0.9980446100234985,0.9977967143058777,0
380,0.9980446100234985,0.9977967143058777,0
381,0.9980446100234985,0.9977967143058777,0
382,0.9980446100234985,0.9977967143058777,0
383,0.9980446100234985,0.9977967143058777,0
384,0.997657299041748,0.997640073299408,0
385,0.997657299041748,0.997640073299408,0
386,0.997657299041748,0.997640073299408,0
387,0.997657299041748,0.997640073299408,0
388,0.997657299041748,0.997640073299408,0
389,0.997657299041748,0.997640073299408,0
390,0.997657299041748,0.997640073299408,0
391,0.997657299041748,0.997640073299408,0
392,0.997657299041748,0.997640073299408,0
393,0.997657299041748,0.997640073299408,0
394,0.997657299041748,0.997640073299408,0
395,0.997657299041748,0.997640073299408,0
396,0.997657299041748,0.997640073299408,0
397,0.997657299041748,0.997640073299408,0
398,0.997657299041748,0.997640073299408,0
399,0.997657299041748,0.997640073299408,0
400,0.9971396923065186,0.9975170493125916,0
401,0.9971396923065186,0.9975170493125916,0
402,0.9971396923065186,0.9975170493125916,0
403,0.9971396923065186,0.9975170493125916,0
404,0.9971396923065186,0.9975170493125916,0
405,0.9971396923065186,0.9975170493125916,0
406,0.9971396923065186,0.9975170493125916,0
407,0.9971396923065186,0.9975170493125916,0
408,0.9971396923065186,0.9975170493125916,0
409,0.9971396923065186,0.9975170493125916,0
410,0.9971396923065186,0.9975170493125916,0
411,0.9971396923065186,0.9975170493125916,0
412,0.9971396923065186,0.9975170493125916,0
413,0.9971396923065186,0.9975170493125916,0
414,0.9971396923065186,0.9975170493125916,0
415,0.9971396923065186,0.9975170493125916,0
416,0.9965242743492126,0.9973893165588379,0
417,0.9965242743492126,0.9973893165588379,0
418,0.9965242743492126,0.9973893165588379,0
419,0.9965242743492126,0.9973893165588379,0
420,0.9965242743492126,0.9973893165588379,0
421,0.9965242743492126,0.9973893165588379,0
422,0.9965242743492126,0.9973893165588379,0
423,0.9965242743492126,0.9973893165588379,0
424,0.9965242743492126,0.9973893165588379,0
425,0.9965242743492126,0.9973893165588379,0
426,0.9965242743492126,0.9973893165588379,0
427,0.9965242743492126,0.9973893165588379,0
428,0.9965242743492126,0.9973893165588379,0
429,0.9965242743492126,0.9973893165588379,0
430,0.9965242743492126,0.9973893165588379,0
431,0.9965242743492126,0.9973893165588379,0
432,0.9959767460823059,0.9973159432411194,0
433,0.9959767460823059,0.9973159432411194,0
434,0.9959767460823059,0.9973159432411194,0
435,0.9959767460823059,0.9973159432411194,0
436,0.9959767460823059,0.9973159432411194,0
437,0.9959767460823059,0.9973159432411194,0
438,0.9959767460823059,0.9973159432411194,0
439,0.9959767460823059,0.9973159432411194,0
440,0.9959767460823059,0.9973159432411194,0
441,0.9959767460823059,0.9973159432411194,0
442,0.9959767460823059,0.9973159432411194,0
443,0.9959767460823059,0.9973159432411194,0
444,0.9959767460823059,0.9973159432411194,0
445,0.9959767460823059,0.9973159432411194,0
446,0.9959767460823059,0.9973159432411194,0
447,0.9959767460823059,0.9973159432411194,0
448,0.9955413937568665,0.9972190260887146,0
449,0.9955413937568665,0.9972190260887146,0
450,0.9955413937568665,0.9972190260887146,0
451,0.9955413937568665,0.9972190260887146,0
452,0.9955413937568665,0.9972190260887146,0
453,0.9955413937568665,0.9972190260887146,0
454,0.9955413937568665,0.9972190260887146,0
455,0.9955413937568665,0.9972190260887146,0
456,0.9955413937568665,0.9972190260887146,0
457,0.9955413937568665,0.9972190260887146,0
458,0.9955413937568665,0.9972190260887146,0
459,0.9955413937568665,0.9972190260887146,0
460,0.9955413937568665,0.9972190260887146,0
461,0.9955413937568665,0.9972190260887146,0
462,0.9955413937568665,0.9972190260887146,0
463,0.9955413937568665,0.9972190260887146,0
464,0.9954485297203064,0.9972731471061707,0
465,0.9954485297203064,0.9972731471061707,0
466,0.9954485297203064,0.9972731471061707,0
467,0.9954485297203064,0.9972731471061707,0
468,0.9954485297203064,0.9972731471061707,0
469,0.9954485297203064,0.9972731471061707,0
470,0.9954485297203064,0.9972731471061707,0
471,0.9954485297203064,0.9972731471061707,0
472,0.9954485297203064,0.9972731471061707,0
473,0.9954485297203064,0.9972731471061707,0
474,0.9954485297203064,0.9972731471061707,0
475,0.9954485297203064,0.9972731471061707,0
476,0.9954485297203064,0.9972731471061707,0
477,0.9954485297203064,0.9972731471061707,0
478,0.9954485297203064,0.9972731471061707,0
479,0.9954485297203064,0.9972731471061707,0
480,0.9954259991645813,0.9973242282867432,0
481,0.9954259991645813,0.9973242282867432,0
482,0.9954259991645813,0.9973242282867432,0
483,0.9954259991645813,0.9973242282867432,0
484,0.9954259991645813,0.9973242282867432,0
485,0.9954259991645813,0.9973242282867432,0
486,0.9954259991645813,0.9973242282867432,0
487,0.9954259991645813,0.9973242282867432,0
488,0.9954259991645813,0.9973242282867432,0
489,0.9954259991645813,0.9973242282867432,0
490,0.9954259991645813,0.9973242282867432,0
491,0.9954259991645813,0.9973242282867432,0
492,0.9954259991645813,0.9973242282867432,0
493,0.9954259991645813,0.9973242282867432,0
494,0.9954259991645813,0.9973242282867432,0
495,0.9954259991645813,0.9973242282867432,0
496,0.9957428574562073,0.9974435567855835,0
497,0.9957428574562073,0.9974435567855835,0
498,0.9957428574562073,0.9974435567855835,0
499,0.9957428574562073,0.9974435567855835,0
500,0.9957428574562073,0.9974435567855835,0
501,0.9957428574562073,0.9974435567855835,0
502,0.9957428574562073,0.9974435567855835,0
503,0.9957428574562073,0.9974435567855835,0
504,0.9957428574562073,0.9974435567855835,0
505,0.9957428574562073,0.9974435567855835,0
506,0.9957428574562073,0.9974435567855835,0
507,0.9957428574562073,0.9974435567855835,0
508,0.9957428574562073,0.9974435567855835,0
509,0.9957428574562073,0.9974435567855835,0
510,0.9957428574562073,0.9974435567855835,0
511,0.9957428574562073,0.9974435567855835,0
512,0.9960986375808716,0.9974674582481384,0
513,0.9960986375808716,0.9974674582481384,0
514,0.9960986375808716,0.9974674582481384,0
515,0.9960986375808716,0.9974674582481384,0
516,0.9960986375808716,0.9974674582481384,0
517,0.9960986375808716,0.9974674582481384,0
518,0.9960986375808716,0.9974674582481384,0
519,0.9960986375808716,0.9974674582481384,0
520,0.9960986375808716,0.9974674582481384,0
521,0.9960986375808716,0.9974674582481384,0
522,0.9960986375808716,0.9974674582481384,0
523,0.9960986375808716,0.9974674582481384,0
524,0.9960986375808716,0.9974674582481384,0
525,0.9960986375808716,0.9974674582481384,0
526,0.9960986375808716,0.9974674582481384,0
527,0.9960986375808716,0.9974674582481384,0
528,0.996148943901062,0.9974817633628845,0
529,0.996148943901062,0.9974817633628845,0
530,0.996148943901062,0.9974817633628845,0
531,0.996148943901062,0.9974817633628845,0
532,0.996148943901062,0.9974817633628845,0
533,0.996148943901062,0.9974817633628845,0
534,0.996148943901062,0.9974817633628845,0
535,0.996148943901062,0.9974817633628845,0
536,0.996148943901062,0.9974817633628845,0
537,0.996148943901062,0.9974817633628845,0
538,0.996148943901062,0.9974817633628845,0
539,0.996148943901062,0.9974817633628845,0
540,0.996148943901062,0.9974817633628845,0
541,0.996148943901062,0.9974817633628845,0
542,0.996148943901062,0.9974817633628845,0
543,0.996148943901062,0.9974817633628845,0
544,0.9964906573295593,0.997616708278656,0
545,0.9964906573295593,0.997616708278656,0
546,0.9964906573295593,0.997616708278656,0
547,0.9964906573295593,0.997616708278656,0
548,0.9964906573295593,0.997616708278656,0
549,0.9964906573295593,0.997616708278656,0
550,0.9964906573295593,0.997616708278656,0
551,0.9964906573295593,0.997616708278656,0
552,0.9964906573295593,0.997616708278656,0
553,0.9964906573295593,0.997616708278656,0
554,0.9964906573295593,0.997616708278656,0
555,0.9964906573295593,0.997616708278656,0
556,0.9964906573295593,0.997616708278656,0
557,0.9964906573295593,0.997616708278656,0
558,0.9964906573295593,0.997616708278656,0
559,0.9964906573295593,0.997616708278656,0
560,0.9968034029006958,0.9977444410324097,0
561,0.9968034029006958,0.9977444410324097,0
562,0.9968034029006958,0.9977444410324097,0
563,0.9968034029006958,0.9977444410324097,0
564,0.9968034029006958,0.9977444410324097,0
565,0.9968034029006958,0.9977444410324097,0
566,0.9968034029006958,0.9977444410324097,0
567,0.9968034029006958,0.9977444410324097,0
568,0.9968034029006958,0.9977444410324097,0
569,0.9968034029006958,0.9977444410324097,0
570,0.9968034029006958,0.9977444410324097,0
571,0.9968034029006958,0.9977444410324097,0
572,0.9968034029006958,0.9977444410324097,0
573,0.9968034029006958,0.9977444410324097,0
574,0.9968034029006958,0.9977444410324097,0
575,0.9968034029006958,0.9977444410324097,0
576,0.9971803426742554,0.9979260563850403,0
577,0.9971803426742554,0.9979260563850403,0
578,0.9971803426742554,0.9979260563850403,0
579,0.9971803426742554,0.9979260563850403,0
580,0.9971803426742554,0.9979260563850403,0
581,0.9971803426742554,0.9979260563850403,0
582,0.9971803426742554,0.9979260563850403,0
583,0.9971803426742554,0.9979260563850403,0
584,0.9971803426742554,0.9979260563850403,0
585,0.9971803426742554,0.9979260563850403,0
586,0.9971803426742554,0.9979260563850403,0
587,0.9971803426742554,0.9979260563850403,0
588,0.9971803426742554,0.9979260563850403,0
589,0.9971803426742554,0.9979260563850403,0
590,0.9971803426742554,0.9979260563850403,0
591,0.9971803426742554,0.9979260563850403,0
592,0.9974900484085083,0.99803626537323,0
593,0.9974900484085083,0.99803626537323,0
594,0.9974900484085083,0.99803626537323,0
595,0.9974900484085083,0.99803626537323,0
596,0.9974900484085083,0.99803626537323,0
597,0.9974900484085083,0.99803626537323,0
598,0.9974900484085083,0.99803626537323,0
599,0.9974900484085083,0.99803626537323,0
600,0.9974900484085083,0.99803626537323,0
601,0.9974900484085083,0.99803626537323,0
602,0.9974900484085083,0.99803626537323,0
603,0.9974900484085083,0.99803626537323,0
604,0.9974900484085083,0.99803626537323,0
605,0.9974900484085083,0.99803626537323,0
606,0.9974900484085083,0.99803626537323,0
607,0.9974900484085083,0.99803626537323,0
608,0.9977230429649353,0.9981481432914734,0
609,0.9977230429649353,0.9981481432914734,0
610,0.9977230429649353,0.9981481432914734,0
611,0.9977230429649353,0.9981481432914734,0
612,0.9977230429649353,0.9981481432914734,0
613,0.9977230429649353,0.9981481432914734,0
614,0.9977230429649353,0.9981481432914734,0
615,0.9977230429649353,0.9981481432914734,0
616,0.9977230429649353,0.9981481432914734,0
617,0.9977230429649353,0.9981481432914734,0
618,0.9977230429649353,0.9981481432914734,0
619,0.9977230429649353,0.9981481432914734,0
620,0.9977230429649353,0.9981481432914734,0
621,0.9977230429649353,0.9981481432914734,0
622,0.9977230429649353,0.9981481432914734,0
623,0.9977230429649353,0.9981481432914734,0
624,0.9978635907173157,0.9982427358627319,0
625,0.9978635907173157,0.9982427358627319,0
626,0.9978635907173157,0.9982427358627319,0
627,0.9978635907173157,0.9982427358627319,0
628,0.9978635907173157,0.9982427358627319,0
629,0.9978635907173157,0.9982427358627319,0
630,0.9978635907173157,0.9982427358627319,0
631,0.9978635907173157,0.9982427358627319,0
632,0.9978635907173157,0.9982427358627319,0
633,0.9978635907173157,0.9982427358627319,0
634,0.9978635907173157,0.9982427358627319,0
635,0.9978635907173157,0.9982427358627319,0
636,0.9978635907173157,0.9982427358627319,0
637,0.9978635907173157,0.9982427358627319,0
638,0.9978635907173157,0.9982427358627319,0
639,0.9978635907173157,0.9982427358627319,0
640,0.9979079961776733,0.9982982873916626,0
641,0.9979079961776733,0.9982982873916626,0
642,0.9979079961776733,0.9982982873916626,0
643,0.9979079961776733,0.9982982873916626,0
644,0.9979079961776733,0.9982982873916626,0
645,0.9979079961776733,0.9982982873916626,0
646,0.9979079961776733,0.9982982873916626,0
647,0.9979079961776733,0.9982982873916626,0
648,0.9979079961776733,0.9982982873916626,0
649,0.9979079961776733,0.9982982873916626,0
650,0.9979079961776733,0.9982982873916626,0
651,0.9979079961776733,0.9982982873916626,0
652,0.9979079961776733,0.9982982873916626,0
653,0.9979079961776733,0.9982982873916626,0
654,0.9979079961776733,0.9982982873916626,0
655,0.9979079961776733,0.9982982873916626,0
656,0.9978013634681702,0.998272716999054,0
657,0.9978013634681702,0.998272716999054,0
658,0.9978013634681702,0.998272716999054,0
659,0.9978013634681702,0.998272716999054,0
660,0.9978013634681702,0.998272716999054,0
661,0.9978013634681702,0.998272716999054,0
662,0.9978013634681702,0.998272716999054,0
663,0.9978013634681702,0.998272716999054,0
664,0.9978013634681702,0.998272716999054,0
665,0.9978013634681702,0.998272716999054,0
666,0.9978013634681702,0.998272716999054,0
667,0.9978013634681702,0.998272716999054,0
668,0.9978013634681702,0.998272716999054,0
669,0.9978013634681702,0.998272716999054,0
670,0.9978013634681702,0.998272716999054,0
671,0.9978013634681702,0.998272716999054,0
672,0.9977454543113708,0.9981966018676758,0
673,0.9977454543113708,0.9981966018676758,0
674,0.9977454543113708,0.9981966018676758,0
675,0.9977454543113708,0.9981966018676758,0
676,0.9977454543113708,0.9981966018676758,0
677,0.9977454543113708,0.9981966018676758,0
678,0.9977454543113708,0.9981966018676758,0
679,0.9977454543113708,0.9981966018676758,0
680,0.9977454543113708,0.9981966018676758,0
681,0.9977454543113708,0.9981966018676758,0
682,0.9977454543113708,0.9981966018676758,0
683,0.9977454543113708,0.9981966018676758,0
684,0.9977454543113708,0.9981966018676758,0
685,0.9977454543113708,0.9981966018676758,0
686,0.9977454543113708,0.9981966018676758,0
687,0.9977454543113708,0.9981966018676758,0
688,0.9975005984306335,0.998073399066925,0
689,0.9975005984306335,0.998073399066925,0
690,0.9975005984306335,0.998073399066925,0
691,0.9975005984306335,0.998073399066925,0
692,0.9975005984306335,0.998073399066925,0
693,0.9975005984306335,0.998073399066925,0
694,0.9975005984306335,0.998073399066925,0
695,0.9975005984306335,0.998073399066925,0
696,0.9975005984306335,0.998073399066925,0
697,0.9975005984306335,0.998073399066925,0
698,0.9975005984306335,0.998073399066925,0
699,0.9975005984306335,0.998073399066925,0
700,0.9975005984306335,0.998073399066925,0
701,0.9975005984306335,0.998073399066925,0
702,0.9975005984306335,0.998073399066925,0
703,0.9975005984306335,0.998073399066925,0
704,0.9976335763931274,0.9980579614639282,0
705,0.9976335763931274,0.9980579614639282,0
706,0.9976335763931274,0.9980579614639282,0
707,0.9976335763931274,0.9980579614639282,0
708,0.9976335763931274,0.9980579614639282,0
709,0.9976335763931274,0.9980579614639282,0
710,0.9976335763931274,0.9980579614639282,0
711,0.9976335763931274,0.9980579614639282,0
712,0.9976335763931274,0.9980579614639282,0
713,0.9976335763931274,0.9980579614639282,0
714,0.9976335763931274,0.9980579614639282,0
715,0.9976335763931274,0.9980579614639282,0
716,0.9976335763931274,0.9980579614639282,0
717,0.9976335763931274,0.9980579614639282,0
718,0.9976335763931274,0.9980579614639282,0
719,0.9976335763931274,0.9980579614639282,0
720,0.9976813793182373,0.9980369210243225,0
721,0.9976813793182373,0.9980369210243225,0
722,0.9976813793182373,0.9980369210243225,0
723,0.9976813793182373,0.9980369210243225,0
724,0.9976813793182373,0.9980369210243225,0
725,0.9976813793182373,0.9980369210243225,0
726,0.9976813793182373,0.9980369210243225,0
727,0.9976813793182373,0.9980369210243225,0
728,0.9976813793182373,0.9980369210243225,0
729,0.9976813793182373,0.9980369210243225,0
730,0.9976813793182373,0.9980369210243225,0
731,0.9976813793182373,0.9980369210243225,0
732,0.9976813793182373,0.9980369210243225,0
733,0.9976813793182373,0.9980369210243225,0
734,0.9976813793182373,0.9980369210243225,0
735,0.9976813793182373,0.9980369210243225,0
736,0.9976609945297241,0.9979385137557983,0
737,0.9976609945297241,0.9979385137557983,0
738,0.9976609945297241,0.9979385137557983,0
739,0.9976609945297241,0.9979385137557983,0
740,0.9976609945297241,0.9979385137557983,0
741,0.9976609945297241,0.9979385137557983,0
742,0.9976609945297241,0.9979385137557983,0
743,0.9976609945297241,0.9979385137557983,0
744,0.9976609945297241,0.9979385137557983,0
745,0.9976609945297241,0.9979385137557983,0
746,0.9976609945297241,0.9979385137557983,0
747,0.9976609945297241,0.9979385137557983,0
748,0.9976609945297241,0.9979385137557983,0
749,0.9976609945297241,0.9979385137557983,0
750,0.9976609945297241,0.9979385137557983,0
751,0.9976609945297241,0.9979385137557983,0
752,0.9976752400398254,0.9979792237281799,0
753,0.9976752400398254,0.9979792237281799,0
754,0.9976752400398254,0.9979792237281799,0
755,0.9976752400398254,0.9979792237281799,0
756,0.9976752400398254,0.9979792237281799,0
757,0.9976752400398254,0.9979792237281799,0
758,0.9976752400398254,0.9979792237281799,0
759,0.9976752400398254,0.9979792237281799,0
760,0.9976752400398254,0.9979792237281799,0
761,0.9976752400398254,0.9979792237281799,0
762,0.9976752400398254,0.9979792237281799,0
763,0.9976752400398254,0.9979792237281799,0
764,0.9976752400398254,0.9979792237281799,0
765,0.9976752400398254,0.9979792237281799,0
766,0.9976752400398254,0.9979792237281799,0
767,0.9976752400398254,0.9979792237281799,0
768,0.9976339340209961,0.9979269504547119,0
769,0.9976339340209961,0.9979269504547119,0
770,0.9976339340209961,0.9979269504547119,0
771,0.9976339340209961,0.9979269504547119,0
772,0.9976339340209961,0.9979269504547119,0
773,0.9976339340209961,0.9979269504547119,0
774,0.9976339340209961,0.9979269504547119,0
775,0.9976339340209961,0.9979269504547119,0
776,0.9976339340209961,0.9979269504547119,0
777,0.9976339340209961,0.9979269504547119,0
778,0.9976339340209961,0.9979269504547119,0
779,0.9976339340209961,0.9979269504547119,0
780,0.9976339340209961,0.9979269504547119,0
781,0.9976339340209961,0.9979269504547119,0
782,0.9976339340209961,0.9979269504547119,0
783,0.9976339340209961,0.9979269504547119,0
784,0.9979166388511658,0.9979124069213867,0
785,0.9979166388511658,0.9979124069213867,0
786,0.9979166388511658,0.9979124069213867,0
787,0.9979166388511658,0.9979124069213867,0
788,0.9979166388511658,0.9979124069213867,0
789,0.9979166388511658,0.9979124069213867,0
790,0.9979166388511658,0.9979124069213867,0
791,0.9979166388511658,0.9979124069213867,0
792,0.9979166388511658,0.9979124069213867,0
793,0.9979166388511658,0.9979124069213867,0
794,0.9979166388511658,0.9979124069213867,0
795,0.9979166388511658,0.9979124069213867,0
796,0.9979166388511658,0.9979124069213867,0
797,0.9979166388511658,0.9979124069213867,0
798,0.9979166388511658,0.9979124069213867,0
799,0.9979166388511658,0.9979124069213867,0
800,0.9980358481407166,0.9979009032249451,0
801,0.9980358481407166,0.9979009032249451,0
802,0.9980358481407166,0.9979009032249451,0
803,0.9980358481407166,0.9979009032249451,0
804,0.9980358481407166,0.9979009032249451,0
805,0.9980358481407166,0.9979009032249451,0
806,0.9980358481407166,0.9979009032249451,0
807,0.9980358481407166,0.9979009032249451,0
808,0.9980358481407166,0.9979009032249451,0
809,0.9980358481407166,0.9979009032249451,0
810,0.9980358481407166,0.9979009032249451,0
811,0.9980358481407166,0.9979009032249451,0
812,0.9980358481407166,0.9979009032249451,0
813,0.9980358481407166,0.9979009032249451,0
814,0.9980358481407166,0.9979009032249451,0
815,0.9980358481407166,0.9979009032249451,0
816,0.9980887770652771,0.9978518486022949,0
817,0.9980887770652771,0.9978518486022949,0
818,0.9980887770652771,0.9978518486022949,0
819,0.9980887770652771,0.9978518486022949,0
820,0.9980887770652771,0.9978518486022949,0
821,0.9980887770652771,0.9978518486022949,0
822,0.9980887770652771,0.9978518486022949,0
823,0.9980887770652771,0.9978518486022949,0
824,0.9980887770652771,0.9978518486022949,0
825,0.9980887770652771,0.9978518486022949,0
826,0.9980887770652771,0.9978518486022949,0
827,0.9980887770652771,0.9978518486022949,0
828,0.9980887770652771,0.9978518486022949,0
829,0.9980887770652771,0.9978518486022949,0
830,0.9980887770652771,0.9978518486022949,0
831,0.9980887770652771,0.9978518486022949,0
832,0.9979800581932068,0.9977986812591553,0
833,0.9979800581932068,0.9977986812591553,0
834,0.9979800581932068,0.9977986812591553,0
835,0.9979800581932068,0.9977986812591553,0
836,0.9979800581932068,0.9977986812591553,0
837,0.9979800581932068,0.9977986812591553,0
838,0.9979800581932068,0.9977986812591553,0
839,0.9979800581932068,0.9977986812591553,0
840,0.9979800581932068,0.9977986812591553,0
841,0.9979800581932068,0.9977986812591553,0
842,0.9979800581932068,0.9977986812591553,0
843,0.9979800581932068,0.9977986812591553,0
844,0.9979800581932068,0.9977986812591553,0
845,0.9979800581932068,0.9977986812591553,0
846,0.9979800581932068,0.9977986812591553,0
847,0.9979800581932068,0.9977986812591553,0
848,0.9977892637252808,0.997674822807312,0
849,0.9977892637252808,0.997674822807312,0
850,0.9977892637252808,0.997674822807312,0
851,0.9977892637252808,0.997674822807312,0
852,0.9977892637252808,0.997674822807312,0
853,0.9977892637252808,0.997674822807312,0
854,0.9977892637252808,0.997674822807312,0
855,0.9977892637252808,0.997674822807312,0
856,0.9977892637252808,0.997674822807312,0
857,0.9977892637252808,0.997674822807312,0
858,0.9977892637252808,0.997674822807312,0
859,0.9977892637252808,0.997674822807312,0
860,0.9977892637252808,0.997674822807312,0
861,0.9977892637252808,0.997674822807312,0
862,0.9977892637252808,0.997674822807312,0
863,0.9977892637252808,0.997674822807312,0
864,0.99763023853302,0.9975020885467529,0
865,0.99763023853302,0.9975020885467529,0
866,0.99763023853302,0.9975020885467529,0
867,0.99763023853302,0.9975020885467529,0
868,0.99763023853302,0.9975020885467529,0
869,0.99763023853302,0.9975020885467529,0
870,0.99763023853302,0.9975020885467529,0
871,0.99763023853302,0.9975020885467529,0
872,0.99763023853302,0.9975020885467529,0
873,0.99763023853302,0.9975020885467529,0
874,0.99763023853302,0.9975020885467529,0
875,0.99763023853302,0.9975020885467529,0
876,0.99763023853302,0.9975020885467529,0
877,0.99763023853302,0.9975020885467529,0
878,0.99763023853302,0.9975020885467529,0
879,0.99763023853302,0.9975020885467529,0
880,0.9972909092903137,0.9974051713943481,0
881,0.9972909092903137,0.9974051713943481,0
882,0.9972909092903137,0.9974051713943481,0
883,0.9972909092903137,0.9974051713943481,0
884,0.9972909092903137,0.9974051713943481,0
885,0.9972909092903137,0.9974051713943481,0
886,0.9972909092903137,0.9974051713943481,0
887,0.9972909092903137,0.9974051713943481,0
888,0.9972909092903137,0.9974051713943481,0
889,0.9972909092903137,0.9974051713943481,0
890,0.9972909092903137,0.9974051713943481,0
891,0.9972909092903137,0.9974051713943481,0
892,0.9972909092903137,0.9974051713943481,0
893,0.9972909092903137,0.9974051713943481,0
894,0.9972909092903137,0.9974051713943481,0
895,0.9972909092903137,0.9974051713943481,0
896,0.9970186948776245,0.9973949790000916,0
897,0.9970186948776245,0.9973949790000916,0
898,0.9970186948776245,0.9973949790000916,0
899,0.9970186948776245,0.9973949790000916,0
900,0.9970186948776245,0.9973949790000916,0
901,0.9970186948776245,0.9973949790000916,0
902,0.9970186948776245,0.9973949790000916,0
903,0.9970186948776245,0.9973949790000916,0
904,0.9970186948776245,0.9973949790000916,0
905,0.9970186948776245,0.9973949790000916,0
906,0.9970186948776245,0.9973949790000916,0
907,0.9970186948776245,0.9973949790000916,0
908,0.9970186948776245,0.9973949790000916,0
909,0.9970186948776245,0.9973949790000916,0
910,0.9970186948776245,0.9973949790000916,0
911,0.9970186948776245,0.9973949790000916,0
912,0.9968236684799194,0.9972983598709106,0
913,0.9968236684799194,0.9972983598709106,0
914,0.9968236684799194,0.9972983598709106,0
915,0.9968236684799194,0.9972983598709106,0
916,0.9968236684799194,0.9972983598709106,0
917,0.9968236684799194,0.9972983598709106,0
918,0.9968236684799194,0.9972983598709106,0
919,0.9968236684799194,0.9972983598709106,0
920,0.9968236684799194,0.9972983598709106,0
921,0.9968236684799194,0.9972983598709106,0
922,0.9968236684799194,0.9972983598709106,0
923,0.9968236684799194,0.9972983598709106,0
924,0.9968236684799194,0.9972983598709106,0
925,0.9968236684799194,0.9972983598709106,0
926,0.9968236684799194,0.9972983598709106,0
927,0.9968236684799194,0.9972983598709106,0
928,0.9964278340339661,0.9972966909408569,0
929,0.9964278340339661,0.9972966909408569,0
930,0.9964278340339661,0.9972966909408569,0
931,0.9964278340339661,0.9972966909408569,0
932,0.9964278340339661,0.9972966909408569,0
933,0.9964278340339661,0.9972966909408569,0
934,0.9964278340339661,0.9972966909408569,0
935,0.9964278340339661,0.9972966909408569,0
936,0.9964278340339661,0.9972966909408569,0
937,0.9964278340339661,0.9972966909408569,0
938,0.9964278340339661,0.9972966909408569,0
939,0.9964278340339661,0.9972966909408569,0
940,0.9964278340339661,0.9972966909408569,0
941,0.9964278340339661,0.9972966909408569,0
942,0.9964278340339661,0.9972966909408569,0
943,0.9964278340339661,0.9972966909408569,0
944,0.9958456158638,0.9973174333572388,0
945,0.9958456158638,0.9973174333572388,0
946,0.9958456158638,0.9973174333572388,0
947,0.9958456158638,0.9973174333572388,0
948,0.9958456158638,0.9973174333572388,0
949,0.9958456158638,0.9973174333572388,0
950,0.9958456158638,0.9973174333572388,0
951,0.9958456158638,0.9973174333572388,0
952,0.9958456158638,0.9973174333572388,0
953,0.9958456158638,0.9973174333572388,0
954,0.9958456158638,0.9973174333572388,0
955,0.9958456158638,0.9973174333572388,0
956,0.9958456158638,0.9973174333572388,0
957,0.9958456158638,0.9973174333572388,0
958,0.9958456158638,0.9973174333572388,0
959,0.9958456158638,0.9973174333572388,0
960,0.9957970380783081,0.9974296689033508,0
961,0.9957970380783081,0.9974296689033508,0
962,0.9957970380783081,0.9974296689033508,0
963,0.9957970380783081,0.9974296689033508,0
964,0.9957970380783081,0.9974296689033508,0
965,0.9957970380783081,0.9974296689033508,0
966,0.9957970380783081,0.9974296689033508,0
967,0.9957970380783081,0.9974296689033508,0
968,0.9957970380783081,0.9974296689033508,0
969,0.9957970380783081,0.9974296689033508,0
970,0.9957970380783081,0.9974296689033508,0
971,0.9957970380783081,0.9974296689033508,0
972,0.9957970380783081,0.9974296689033508,0
973,0.9957970380783081,0.9974296689033508,0
974,0.9957970380783081,0.9974296689033508,0
975,0.9957970380783081,0.9974296689033508,0
976,0.9958378076553345,0.9975284934043884,0
977,0.9958378076553345,0.9975284934043884,0
978,0.9958378076553345,0.9975284934043884,0
979,0.9958378076553345,0.9975284934043884,0
980,0.9958378076553345,0.9975284934043884,0
981,0.9958378076553345,0.9975284934043884,0
982,0.9958378076553345,0.9975284934043884,0
983,0.9958378076553345,0.9975284934043884,0
984,0.9958378076553345,0.9975284934043884,0
985,0.9958378076553345,0.9975284934043884,0
986,0.9958378076553345,0.9975284934043884,0
987,0.9958378076553345,0.9975284934043884,0
988,0.9958378076553345,0.9975284934043884,0
989,0.9958378076553345,0.9975284934043884,0
990,0.9958378076553345,0.9975284934043884,0
991,0.9958378076553345,0.9975284934043884,0
992,0.996748685836792,0.9977866411209106,0
993,0.996748685836792,0.9977866411209106,0
994,0.996748685836792,0.9977866411209106,0
995,0.996748685836792,0.9977866411209106,0
996,0.996748685836792,0.9977866411209106,0
997,0.996748685836792,0.9977866411209106,0
998,0.996748685836792,0.9977866411209106,0
999,0.996748685836792,0.9977866411209106,0
1000,0.996748685836792,0.9977866411209106,0
1001,0.996748685836792,0.9977866411209106,0
1002,0.996748685836792,0.9977866411209106,0
1003,0.996748685836792,0.9977866411209106,0
1004,0.996748685836792,0.9977866411209106,0
1005,0.996748685836792,0.9977866411209106,0
1006,0.996748685836792,0.9977866411209106,0
1007,0.996748685836792,0.9977866411209106,0
1008,0.9973170161247253,0.9979637861251831,0
1009,0.9973170161247253,0.9979637861251831,0
1010,0.9973170161247253,0.9979637861251831,0
1011,0.9973170161247253,0.9979637861251831,0
1012,0.9973170161247253,0.9979637861251831,0
1013,0.9973170161247253,0.9979637861251831,0
1014,0.9973170161247253,0.9979637861251831,0
1015,0.9973170161247253,0.9979637861251831,0
1016,0.9973170161247253,0.9979637861251831,0
1017,0.9973170161247253,0.9979637861251831,0
1018,0.9973170161247253,0.9979637861251831,0
1019,0.9973170161247253,0.9979637861251831,0
1020,0.9973170161247253,0.9979637861251831,0
1021,0.9973170161247253,0.9979637861251831,0
1022,0.9973170161247253,0.9979637861251831,0
1023,0.9973170161247253,0.9979637861251831,0
1024,0.9978330731391907,0.9980828762054443,0
1025,0.9978330731391907,0.9980828762054443,0
1026,0.9978330731391907,0.9980828762054443,0
1027,0.9978330731391907,0.9980828762054443,0
1028,0.9978330731391907,0.9980828762054443,0
1029,0.9978330731391907,0.9980828762054443,0
1030,0.9978330731391907,0.9980828762054443,0
1031,0.9978330731391907,0.9980828762054443,0
1032,0.9978330731391907,0.9980828762054443,0
1033,0.9978330731391907,0.9980828762054443,0
1034,0.9978330731391907,0.9980828762054443,0
1035,0.9978330731391907,0.9980828762054443,0
1036,0.9978330731391907,0.9980828762054443,0
1037,0.9978330731391907,0.9980828762054443,0
1038,0.9978330731391907,0.9980828762054443,0
1039,0.9978330731391907,0.9980828762054443,0
1040,0.9983623623847961,0.9982553720474243,0
1041,0.9983623623847961,0.9982553720474243,0
1042,0.9983623623847961,0.9982553720474243,0
1043,0.9983623623847961,0.9982553720474243,0
1044,0.9983623623847961,0.9982553720474243,0
1045,0.9983623623847961,0.9982553720474243,0
1046,0.9983623623847961,0.9982553720474243,0
1047,0.9983623623847961,0.9982553720474243,0
1048,0.9983623623847961,0.9982553720474243,0
1049,0.9983623623847961,0.9982553720474243,0
1050,0.9983623623847961,0.9982553720474243,0
1051,0.9983623623847961,0.9982553720474243,0
1052,0.9983623623847961,0.9982553720474243,0
1053,0.9983623623847961,0.9982553720474243,0
1054,0.9983623623847961,0.9982553720474243,0
1055,0.9983623623847961,0.9982553720474243,0
1056,0.9988085031509399,0.9984161853790283,0
1057,0.9988085031509399,0.9984161853790283,0
1058,0.9988085031509399,0.9984161853790283,0
1059,0.9988085031509399,0.9984161853790283,0
1060,0.9988085031509399,0.9984161853790283,0
1061,0.9988085031509399,0.9984161853790283,0
1062,0.9988085031509399,0.9984161853790283,0
1063,0.9988085031509399,0.9984161853790283,0
1064,0.9988085031509399,0.9984161853790283,0
1065,0.9988085031509399,0.9984161853790283,0
1066,0.9988085031509399,0.9984161853790283,0
1067,0.9988085031509399,0.9984161853790283,0
1068,0.9988085031509399,0.9984161853790283,0
1069,0.9988085031509399,0.9984161853790283,0
1070,0.9988085031509399,0.9984161853790283,0
1071,0.9988085031509399,0.9984161853790283,0
1072,0.9990591406822205,0.9985120296478271,0
1073,0.9990591406822205,0.9985120296478271,0
1074,0.9990591406822205,0.9985120296478271,0
1075,0.9990591406822205,0.9985120296478271,0
1076,0.9990591406822205,0.9985120296478271,0
1077,0.9990591406822205,0.9985120296478271,0
1078,0.9990591406822205,0.9985120296478271,0
1079,0.9990591406822205,0.9985120296478271,0
1080,0.9990591406822205,0.9985120296478271,0
1081,0.9990591406822205,0.9985120296478271,0
1082,0.9990591406822205,0.9985120296478271,0
1083,0.9990591406822205,0.9985120296478271,0
1084,0.9990591406822205,0.9985120296478271,0
1085,0.9990591406822205,0.9985120296478271,0
1086,0.9990591406822205,0.9985120296478271,0
1087,0.9990591406822205,0.9985120296478271,0
1088,0.9991897940635681,0.998551070690155,0
1089,0.9991897940635681,0.998551070690155,0
1090,0.9991897940635681,0.998551070690155,0
1091,0.9991897940635681,0.998551070690155,0
1092,0.9991897940635681,0.998551070690155,0
1093,0.9991897940635681,0.998551070690155,0
1094,0.9991897940635681,0.998551070690155,0
1095,0.9991897940635681,0.998551070690155,0
1096,0.9991897940635681,0.998551070690155,0
1097,0.9991897940635681,0.998551070690155,0
1098,0.9991897940635681,0.998551070690155,0
1099,0.9991897940635681,0.998551070690155,0
1100,0.9991897940635681,0.998551070690155,0
1101,0.9991897940635681,0.998551070690155,0
1102,0.9991897940635681,0.998551070690155,0
1103,0.9991897940635681,0.998551070690155,0
1104,0.9992986917495728,0.9985775351524353,0
1105,0.9992986917495728,0.9985775351524353,0
1106,0.9992986917495728,0.9985775351524353,0
1107,0.9992986917495728,0.9985775351524353,0
1108,0.9992986917495728,0.9985775351524353,0
1109,0.9992986917495728,0.9985775351524353,0
1110,0.9992986917495728,0.9985775351524353,0
1111,0.9992986917495728,0.9985775351524353,0
1112,0.9992986917495728,0.9985775351524353,0
1113,0.9992986917495728,0.9985775351524353,0
1114,0.9992986917495728,0.9985775351524353,0
1115,0.9992986917495728,0.9985775351524353,0
1116,0.9992986917495728,0.9985775351524353,0
1117,0.9992986917495728,0.9985775351524353,0
1118,0.9992986917495728,0.9985775351524353,0
1119,0.9992986917495728,0.9985775351524353,0
1120,0.9993544220924377,0.9986066818237305,0
1121,0.9993544220924377,0.9986066818237305,0
1122,0.9993544220924377,0.9986066818237305,0
1123,0.9993544220924377,0.9986066818237305,0
1124,0.9993544220924377,0.9986066818237305,0
1125,0.9993544220924377,0.9986066818237305,0
1126,0.9993544220924377,0.9986066818237305,0
1127,0.9993544220924377,0.9986066818237305,0
1128,0.9993544220924377,0.9986066818237305,0
1129,0.9993544220924377,0.9986066818237305,0
1130,0.9993544220924377,0.9986066818237305,0
1131,0.9993544220924377,0.9986066818237305,0
1132,0.9993544220924377,0.9986066818237305,0
1133,0.9993544220924377,0.9986066818237305,0
1134,0.9993544220924377,0.9986066818237305,0
1135,0.9993544220924377,0.9986066818237305,0
1136,0.9993894100189209,0.9985837936401367,0
1137,0.9993894100189209,0.9985837936401367,0
1138,0.9993894100189209,0.9985837936401367,0
1139,0.9993894100189209,0.9985837936401367,0
1140,0.9993894100189209,0.9985837936401367,0
1141,0.9993894100189209,0.9985837936401367,0
1142,0.9993894100189209,0.9985837936401367,0
1143,0.9993894100189209,0.9985837936401367,0
1144,0.9993894100189209,0.9985837936401367,0
1145,0.9993894100189209,0.9985837936401367,0
1146,0.9993894100189209,0.9985837936401367,0
1147,0.9993894100189209,0.9985837936401367,0
1148,0.9993894100189209,0.9985837936401367,0
1149,0.9993894100189209,0.9985837936401367,0
1150,0.9993894100189209,0.9985837936401367,0
1151,0.9993894100189209,0.9985837936401367,0
1152,0.9994064569473267,0.9986104965209961,0
1153,0.9994064569473267,0.9986104965209961,0
1154,0.9994064569473267,0.9986104965209961,0
1155,0.9994064569473267,0.9986104965209961,0
1156,0.9994064569473267,0.9986104965209961,0
1157,0.9994064569473267,0.9986104965209961,0
1158,0.9994064569473267,0.9986104965209961,0
1159,0.9994064569473267,0.9986104965209961,0
1160,0.9994064569473267,0.9986104965209961,0
1161,0.9994064569473267,0.9986104965209961,0
1162,0.9994064569473267,0.9986104965209961,0
1163,0.9994064569473267,0.9986104965209961,0
1164,0.9994064569473267,0.9986104965209961,0
1165,0.9994064569473267,0.9986104965209961,0
1166,0.9994064569473267,0.9986104965209961,0
1167,0.9994064569473267,0.9986104965209961,0
1168,0.9993665814399719,0.9986048340797424,0
1169,0.9993665814399719,0.9986048340797424,0
1170,0.9993665814399719,0.9986048340797424,0
1171,0.9993665814399719,0.9986048340797424,0
1172,0.9993665814399719,0.9986048340797424,0
1173,0.9993665814399719,0.9986048340797424,0
1174,0.9993665814399719,0.9986048340797424,0
1175,0.9993665814399719,0.9986048340797424,0
1176,0.9993665814399719,0.9986048340797424,0
1177,0.9993665814399719,0.9986048340797424,0
1178,0.9993665814399719,0.9986048340797424,0
1179,0.9993665814399719,0.9986048340797424,0
1180,0.9993665814399719,0.9986048340797424,0
1181,0.9993665814399719,0.9986048340797424,0
1182,0.9993665814399719,0.9986048340797424,0
1183,0.9993665814399719,0.9986048340797424,0
1184,0.9993865489959717,0.9985594749450684,0
1185,0.9993865489959717,0.9985594749450684,0
1186,0.9993865489959717,0.9985594749450684,0
1187,0.9993865489959717,0.9985594749450684,0
1188,0.9993865489959717,0.9985594749450684,0
1189,0.9993865489959717,0.9985594749450684,0
1190,0.9993865489959717,0.9985594749450684,0
1191,0.9993865489959717,0.9985594749450684,0
1192,0.9993865489959717,0.9985594749450684,0
1193,0.9993865489959717,0.9985594749450684,0
1194,0.9993865489959717,0.9985594749450684,0
1195,0.9993865489959717,0.9985594749450684,0
1196,0.9993865489959717,0.9985594749450684,0
1197,0.9993865489959717,0.9985594749450684,0
1198,0.9993865489959717,0.9985594749450684,0
1199,0.9993865489959717,0.9985594749450684,0
1200,0.9993537068367004,0.9984817504882812,0
1201,0.9993537068367004,0.9984817504882812,0
1202,0.9993537068367004,0.9984817504882812,0
1203,0.9993537068367004,0.9984817504882812,0
1204,0.9993537068367004,0.9984817504882812,0
1205,0.9993537068367004,0.9984817504882812,0
1206,0.9993537068367004,0.9984817504882812,0
1207,0.9993537068367004,0.9984817504882812,0
1208,0.9993537068367004,0.9984817504882812,0
1209,0.9993537068367004,0.9984817504882812,0
1210,0.9993537068367004,0.9984817504882812,0
1211,0.9993537068367004,0.9984817504882812,0
1212,0.9993537068367004,0.9984817504882812,0
1213,0.9993537068367004,0.9984817504882812,0
1214,0.9993537068367004,0.9984817504882812,0
1215,0.9993537068367004,0.9984817504882812,0
1216,0.99925297498703,0.9983024597167969,0
1217,0.99925297498703,0.9983024597167969,0
1218,0.99925297498703,0.9983024597167969,0
1219,0.99925297498703,0.9983024597167969,0
1220,0.99925297498703,0.9983024597167969,0
1221,0.99925297498703,0.9983024597167969,0
1222,0.99925297498703,0.9983024597167969,0
1223,0.99925297498703,0.9983024597167969,0
1224,0.99925297498703,0.9983024597167969,0
1225,0.99925297498703,0.9983024597167969,0
1226,0.99925297498703,0.9983024597167969,0
1227,0.99925297498703,0.9983024597167969,0
1228,0.99925297498703,0.9983024597167969,0
1229,0.99925297498703,0.9983024597167969,0
1230,0.99925297498703,0.9983024597167969,0
1231,0.99925297498703,0.9983024597167969,0
1232,0.9991260170936584,0.9982364773750305,0
1233,0.9991260170936584,0.9982364773750305,0
1234,0.9991260170936584,0.9982364773750305,0
1235,0.9991260170936584,0.9982364773750305,0
1236,0.9991260170936584,0.9982364773750305,0
1237,0.9991260170936584,0.9982364773750305,0
1238,0.9991260170936584,0.9982364773750305,0
1239,0.9991260170936584,0.9982364773750305,0
1240,0.9991260170936584,0.9982364773750305,0
1241,0.9991260170936584,0.9982364773750305,0
1242,0.9991260170936584,0.9982364773750305,0
1243,0.9991260170936584,0.9982364773750305,0
1244,0.9991260170936584,0.9982364773750305,0
1245,0.9991260170936584,0.9982364773750305,0
1246,0.9991260170936584,0.9982364773750305,0
1247,0.9991260170936584,0.9982364773750305,0
1248,0.9989784955978394,0.9982021450996399,0
1249,0.9989784955978394,0.9982021450996399,0
1250,0.9989784955978394,0.9982021450996399,0
1251,0.9989784955978394,0.9982021450996399,0
1252,0.9989784955978394,0.9982021450996399,0
1253,0.9989784955978394,0.9982021450996399,0
1254,0.9989784955978394,0.9982021450996399,0
1255,0.9989784955978394,0.9982021450996399,0
1256,0.9989784955978394,0.9982021450996399,0
1257,0.9989784955978394,0.9982021450996399,0
1258,0.9989784955978394,0.9982021450996399,0
1259,0.9989784955978394,0.9982021450996399,0
1260,0.9989784955978394,0.9982021450996399,0
1261,0.9989784955978394,0.9982021450996399,0
1262,0.9989784955978394,0.9982021450996399,0
1263,0.9989784955978394,0.9982021450996399,0
1264,0.998683512210846,0.9981300234794617,0
1265,0.998683512210846,0.9981300234794617,0
1266,0.998683512210846,0.9981300234794617,0
1267,0.998683512210846,0.9981300234794617,0
1268,0.998683512210846,0.9981300234794617,0
1269,0.998683512210846,0.9981300234794617,0
1270,0.998683512210846,0.9981300234794617,0
1271,0.998683512210846,0.9981300234794617,0
1272,0.998683512210846,0.9981300234794617,0
1273,0.998683512210846,0.9981300234794617,0
1274,0.998683512210846,0.9981300234794617,0
1275,0.998683512210846,0.9981300234794617,0
1276,0.998683512210846,0.9981300234794617,0
1277,0.998683512210846,0.9981300234794617,0
1278,0.998683512210846,0.9981300234794617,0
1279,0.998683512210846,0.9981300234794617,0
1280,0.9983035326004028,0.9980063438415527,0
1281,0.9983035326004028,0.9980063438415527,0
1282,0.9983035326004028,0.9980063438415527,0
1283,0.9983035326004028,0.9980063438415527,0
1284,0.9983035326004028,0.9980063438415527,0
1285,0.9983035326004028,0.9980063438415527,0
1286,0.9983035326004028,0.9980063438415527,0
1287,0.9983035326004028,0.9980063438415527,0
1288,0.9983035326004028,0.9980063438415527,0
1289,0.9983035326004028,0.9980063438415527,0
1290,0.9983035326004028,0.9980063438415527,0
1291,0.9983035326004028,0.9980063438415527,0
1292,0.9983035326004028,0.9980063438415527,0
1293,0.9983035326004028,0.9980063438415527,0
1294,0.9983035326004028,0.9980063438415527,0
1295,0.9983035326004028,0.9980063438415527,0
1296,0.9979909658432007,0.9979923367500305,0
1297,0.9979909658432007,0.9979923367500305,0
1298,0.9979909658432007,0.9979923367500305,0
1299,0.9979909658432007,0.9979923367500305,0
1300,0.9979909658432007,0.9979923367500305,0
1301,0.9979909658432007,0.9979923367500305,0
1302,0.9979909658432007,0.9979923367500305,0
1303,0.9979909658432007,0.9979923367500305,0
1304,0.9979909658432007,0.9979923367500305,0
1305,0.9979909658432007,0.9979923367500305,0
1306,0.9979909658432007,0.9979923367500305,0
1307,0.9979909658432007,0.9979923367500305,0
1308,0.9979909658432007,0.9979923367500305,0
1309,0.9979909658432007,0.9979923367500305,0
1310,0.9979909658432007,0.9979923367500305,0
1311,0.9979909658432007,0.9979923367500305,0
1312,0.9977479577064514,0.9979434609413147,0
1313,0.9977479577064514,0.9979434609413147,0
1314,0.9977479577064514,0.9979434609413147,0
1315,0.9977479577064514,0.9979434609413147,0
1316,0.9977479577064514,0.9979434609413147,0
1317,0.9977479577064514,0.9979434609413147,0
1318,0.9977479577064514,0.9979434609413147,0
1319,0.9977479577064514,0.9979434609413147,0
1320,0.9977479577064514,0.9979434609413147,0
1321,0.9977479577064514,0.9979434609413147,0
1322,0.9977479577064514,0.9979434609413147,0
1323,0.9977479577064514,0.9979434609413147,0
1324,0.9977479577064514,0.9979434609413147,0
1325,0.9977479577064514,0.9979434609413147,0
1326,0.9977479577064514,0.9979434609413147,0
1327,0.9977479577064514,0.9979434609413147,0
1328,0.997473418712616,0.9978598356246948,0
1329,0.997473418712616,0.9978598356246948,0
1330,0.997473418712616,0.9978598356246948,0
1331,0.997473418712616,0.9978598356246948,0
1332,0.997473418712616,0.9978598356246948,0
1333,0.997473418712616,0.9978598356246948,0
1334,0.997473418712616,0.9978598356246948,0
1335,0.997473418712616,0.9978598356246948,0
1336,0.997473418712616,0.9978598356246948,0
1337,0.997473418712616,0.9978598356246948,0
1338,0.997473418712616,0.9978598356246948,0
1339,0.997473418712616,0.9978598356246948,0
1340,0.997473418712616,0.9978598356246948,0
1341,0.997473418712616,0.9978598356246948,0
1342,0.997473418712616,0.9978598356246948,0
1343,0.997473418712616,0.9978598356246948,0
1344,0.9973121881484985,0.997786283493042,0
1345,0.9973121881484985,0.997786283493042,0
1346,0.9973121881484985,0.997786283493042,0
1347,0.9973121881484985,0.997786283493042,0
1348,0.9973121881484985,0.997786283493042,0
1349,0.9973121881484985,0.997786283493042,0
1350,0.9973121881484985,0.997786283493042,0
1351,0.9973121881484985,0.997786283493042,0
1352,0.9973121881484985,0.997786283493042,0
1353,0.9973121881484985,0.997786283493042,0
1354,0.9973121881484985,0.997786283493042,0
1355,0.9973121881484985,0.997786283493042,0
1356,0.9973121881484985,0.997786283493042,0
1357,0.9973121881484985,0.997786283493042,0
1358,0.9973121881484985,0.997786283493042,0
1359,0.9973121881484985,0.997786283493042,0
1360,0.9971990585327148,0.997657835483551,0
1361,0.9971990585327148,0.997657835483551,0
1362,0.9971990585327148,0.997657835483551,0
1363,0.9971990585327148,0.997657835483551,0
1364,0.9971990585327148,0.997657835483551,0
1365,0.9971990585327148,0.997657835483551,0
1366,0.9971990585327148,0.997657835483551,0
1367,0.9971990585327148,0.997657835483551,0
1368,0.9971990585327148,0.997657835483551,0
1369,0.9971990585327148,0.997657835483551,0
1370,0.9971990585327148,0.997657835483551,0
1371,0.9971990585327148,0.997657835483551,0
1372,0.9971990585327148,0.997657835483551,0
1373,0.9971990585327148,0.997657835483551,0
1374,0.9971990585327148,0.997657835483551,0
1375,0.9971990585327148,0.997657835483551,0
1376,0.9968107342720032,0.9974393248558044,0
1377,0.9968107342720032,0.9974393248558044,0
1378,0.9968107342720032,0.9974393248558044,0
1379,0.9968107342720032,0.9974393248558044,0
1380,0.9968107342720032,0.9974393248558044,0
1381,0.9968107342720032,0.9974393248558044,0
1382,0.9968107342720032,0.9974393248558044,0
1383,0.9968107342720032,0.9974393248558044,0
1384,0.9968107342720032,0.9974393248558044,0
1385,0.9968107342720032,0.9974393248558044,0
1386,0.9968107342720032,0.9974393248558044,0
1387,0.9968107342720032,0.9974393248558044,0
1388,0.9968107342720032,0.9974393248558044,0
1389,0.9968107342720032,0.9974393248558044,0
1390,0.9968107342720032,0.9974393248558044,0
1391,0.9968107342720032,0.9974393248558044,0
1392,0.9965599179267883,0.9971410036087036,0
1393,0.9965599179267883,0.9971410036087036,0
1394,0.9965599179267883,0.9971410036087036,0
1395,0.9965599179267883,0.9971410036087036,0
1396,0.9965599179267883,0.9971410036087036,0
1397,0.9965599179267883,0.9971410036087036,0
1398,0.9965599179267883,0.9971410036087036,0
1399,0.9965599179267883,0.9971410036087036,0
1400,0.9965599179267883,0.9971410036087036,0
1401,0.9965599179267883,0.9971410036087036,0
1402,0.9965599179267883,0.9971410036087036,0
1403,0.9965599179267883,0.9971410036087036,0
1404,0.9965599179267883,0.9971410036087036,0
1405,0.9965599179267883,0.9971410036087036,0
1406,0.9965599179267883,0.9971410036087036,0
1407,0.9965599179267883,0.9971410036087036,0
1408,0.9961085915565491,0.996773898601532,0
1409,0.9961085915565491,0.996773898601532,0
1410,0.9961085915565491,0.996773898601532,0
1411,0.9961085915565491,0.996773898601532,0
1412,0.9961085915565491,0.996773898601532,0
1413,0.9961085915565491,0.996773898601532,0
1414,0.9961085915565491,0.996773898601532,0
1415,0.9961085915565491,0.996773898601532,0
1416,0.9961085915565491,0.996773898601532,0
1417,0.9961085915565491,0.996773898601532,0
1418,0.9961085915565491,0.996773898601532,0
1419,0.9961085915565491,0.996773898601532,0
1420,0.9961085915565491,0.996773898601532,0
1421,0.9961085915565491,0.996773898601532,0
1422,0.9961085915565491,0.996773898601532,0
1423,0.9961085915565491,0.996773898601532,0
1424,0.9957420229911804,0.9966066479682922,0
1425,0.9957420229911804,0.9966066479682922,0
1426,0.9957420229911804,0.9966066479682922,0
1427,0.9957420229911804,0.9966066479682922,0
1428,0.9957420229911804,0.9966066479682922,0
1429,0.9957420229911804,0.9966066479682922,0
1430,0.9957420229911804,0.9966066479682922,0
1431,0.9957420229911804,0.9966066479682922,0
1432,0.9957420229911804,0.9966066479682922,0
1433,0.9957420229911804,0.9966066479682922,0
1434,0.9957420229911804,0.9966066479682922,0
1435,0.9957420229911804,0.9966066479682922,0
1436,0.9957420229911804,0.9966066479682922,0
1437,0.9957420229911804,0.9966066479682922,0
1438,0.9957420229911804,0.9966066479682922,0
1439,0.9957420229911804,0.9966066479682922,0
1440,0.9955636262893677,0.9965353012084961,0
1441,0.9955636262893677,0.9965353012084961,0
1442,0.9955636262893677,0.9965353012084961,0
1443,0.9955636262893677,0.9965353012084961,0
1444,0.9955636262893677,0.9965353012084961,0
1445,0.9955636262893677,0.9965353012084961,0
1446,0.9955636262893677,0.9965353012084961,0
1447,0.9955636262893677,0.9965353012084961,0
1448,0.9955636262893677,0.9965353012084961,0
1449,0.9955636262893677,0.9965353012084961,0
1450,0.9955636262893677,0.9965353012084961,0
1451,0.9955636262893677,0.9965353012084961,0
1452,0.9955636262893677,0.9965353012084961,0
1453,0.9955636262893677,0.9965353012084961,0
1454,0.9955636262893677,0.9965353012084961,0
1455,0.9955636262893677,0.9965353012084961,0
1456,0.9953998923301697,0.9965733885765076,0
1457,0.9953998923301697,0.9965733885765076,0
1458,0.9953998923301697,0.9965733885765076,0
1459,0.9953998923301697,0.9965733885765076,0
1460,0.9953998923301697,0.9965733885765076,0
1461,0.9953998923301697,0.9965733885765076,0
1462,0.9953998923301697,0.9965733885765076,0
1463,0.9953998923301697,0.9965733885765076,0
1464,0.9953998923301697,0.9965733885765076,0
1465,0.9953998923301697,0.9965733885765076,0
1466,0.9953998923301697,0.9965733885765076,0
1467,0.9953998923301697,0.9965733885765076,0
1468,0.9953998923301697,0.9965733885765076,0
1469,0.9953998923301697,0.9965733885765076,0
1470,0.9953998923301697,0.9965733885765076,0
1471,0.9953998923301697,0.9965733885765076,0
1472,0.9957953691482544,0.9966359734535217,0
1473,0.9957953691482544,0.9966359734535217,0
1474,0.9957953691482544,0.9966359734535217,0
1475,0.9957953691482544,0.9966359734535217,0
1476,0.9957953691482544,0.9966359734535217,0
1477,0.9957953691482544,0.9966359734535217,0
1478,0.9957953691482544,0.9966359734535217,0
1479,0.9957953691482544,0.9966359734535217,0
1480,0.9957953691482544,0.9966359734535217,0
1481,0.9957953691482544,0.9966359734535217,0
1482,0.9957953691482544,0.9966359734535217,0
1483,0.9957953691482544,0.9966359734535217,0
1484,0.9957953691482544,0.9966359734535217,0
1485,0.9957953691482544,0.9966359734535217,0
1486,0.9957953691482544,0.9966359734535217,0
1487,0.9957953691482544,0.9966359734535217,0
1488,0.9957097768783569,0.9966346025466919,0
1489,0.9957097768783569,0.9966346025466919,0
1490,0.9957097768783569,0.9966346025466919,0
1491,0.9957097768783569,0.9966346025466919,0
1492,0.9957097768783569,0.9966346025466919,0
1493,0.9957097768783569,0.9966346025466919,0
1494,0.9957097768783569,0.9966346025466919,0
1495,0.9957097768783569,0.9966346025466919,0
1496,0.9957097768783569,0.9966346025466919,0
1497,0.9957097768783569,0.9966346025466919,0
1498,0.9957097768783569,0.9966346025466919,0
1499,0.9957097768783569,0.9966346025466919,0
1500,0.9957097768783569,0.9966346025466919,0
1501,0.9957097768783569,0.9966346025466919,0
1502,0.9957097768783569,0.9966346025466919,0
1503,0.9957097768783569,0.9966346025466919,0
1504,0.9956193566322327,0.9964790344238281,0
1505,0.9956193566322327,0.9964790344238281,0
1506,0.9956193566322327,0.9964790344238281,0
1507,0.9956193566322327,0.9964790344238281,0
1508,0.9956193566322327,0.9964790344238281,0
1509,0.9956193566322327,0.9964790344238281,0
1510,0.9956193566322327,0.9964790344238281,0
1511,0.9956193566322327,0.9964790344238281,0
1512,0.9956193566322327,0.9964790344238281,0
1513,0.9956193566322327,0.9964790344238281,0
1514,0.9956193566322327,0.9964790344238281,0
1515,0.9956193566322327,0.9964790344238281,0
1516,0.9956193566322327,0.9964790344238281,0
1517,0.9956193566322327,0.9964790344238281,0
1518,0.9956193566322327,0.9964790344238281,0
1519,0.9956193566322327,0.9964790344238281,0
1520,0.9958361387252808,0.9964450001716614,0
1521,0.9958361387252808,0.9964450001716614,0
1522,0.9958361387252808,0.9964450001716614,0
1523,0.9958361387252808,0.9964450001716614,0
1524,0.9958361387252808,0.9964450001716614,0
1525,0.9958361387252808,0.9964450001716614,0
1526,0.9958361387252808,0.9964450001716614,0
1527,0.9958361387252808,0.9964450001716614,0
1528,0.9958361387252808,0.9964450001716614,0
1529,0.9958361387252808,0.9964450001716614,0
1530,0.9958361387252808,0.9964450001716614,0
1531,0.9958361387252808,0.9964450001716614,0
1532,0.9958361387252808,0.9964450001716614,0
1533,0.9958361387252808,0.9964450001716614,0
1534,0.9958361387252808,0.9964450001716614,0
1535,0.9958361387252808,0.9964450001716614,0
1536,0.9960229396820068,0.9964846968650818,0
1537,0.9960229396820068,0.9964846968650818,0
1538,0.9960229396820068,0.9964846968650818,0
1539,0.9960229396820068,0.9964846968650818,0
1540,0.9960229396820068,0.9964846968650818,0
1541,0.9960229396820068,0.9964846968650818,0
1542,0.9960229396820068,0.9964846968650818,0
1543,0.9960229396820068,0.9964846968650818,0
1544,0.9960229396820068,0.9964846968650818,0
1545,0.9960229396820068,0.9964846968650818,0
1546,0.9960229396820068,0.9964846968650818,0
1547,0.9960229396820068,0.9964846968650818,0
1548,0.9960229396820068,0.9964846968650818,0
1549,0.9960229396820068,0.9964846968650818,0
1550,0.9960229396820068,0.9964846968650818,0
1551,0.9960229396820068,0.9964846968650818,0
1552,0.9963288903236389,0.9964621663093567,0
1553,0.9963288903236389,0.9964621663093567,0
1554,0.9963288903236389,0.9964621663093567,0
1555,0.9963288903236389,0.9964621663093567,0
1556,0.9963288903236389,0.9964621663093567,0
1557,0.9963288903236389,0.9964621663093567,0
1558,0.9963288903236389,0.9964621663093567,0
1559,0.9963288903236389,0.9964621663093567,0
1560,0.9963288903236389,0.9964621663093567,0
1561,0.9963288903236389,0.9964621663093567,0
1562,0.9963288903236389,0.9964621663093567,0
1563,0.9963288903236389,0.9964621663093567,0
1564,0.9963288903236389,0.9964621663093567,0
1565,0.9963288903236389,0.9964621663093567,0
1566,0.9963288903236389,0.9964621663093567,0
1567,0.9963288903236389,0.9964621663093567,0
1568,0.9963117241859436,0.996282160282135,0
1569,0.9963117241859436,0.996282160282135,0
1570,0.9963117241859436,0.996282160282135,0
1571,0.9963117241859436,0.996282160282135,0
1572,0.9963117241859436,0.996282160282135,0
1573,0.9963117241859436,0.996282160282135,0
1574,0.9963117241859436,0.996282160282135,0
1575,0.9963117241859436,0.996282160282135,0
1576,0.9963117241859436,0.996282160282135,0
1577,0.9963117241859436,0.996282160282135,0
1578,0.9963117241859436,0.996282160282135,0
1579,0.9963117241859436,0.996282160282135,0
1580,0.9963117241859436,0.996282160282135,0
1581,0.9963117241859436,0.996282160282135,0
1582,0.9963117241859436,0.996282160282135,0
1583,0.9963117241859436,0.996282160282135,0
1584,0.9968119263648987,0.9964990615844727,0
1585,0.9968119263648987,0.9964990615844727,0
1586,0.9968119263648987,0.9964990615844727,0
1587,0.9968119263648987,0.9964990615844727,0
1588,0.9968119263648987,0.9964990615844727,0
1589,0.9968119263648987,0.9964990615844727,0
1590,0.9968119263648987,0.9964990615844727,0
1591,0.9968119263648987,0.9964990615844727,0
1592,0.9968119263648987,0.9964990615844727,0
1593,0.9968119263648987,0.9964990615844727,0
1594,0.9968119263648987,0.9964990615844727,0
1595,0.9968119263648987,0.9964990615844727,0
1596,0.9968119263648987,0.9964990615844727,0
1597,0.9968119263648987,0.9964990615844727,0
1598,0.9968119263648987,0.9964990615844727,0
1599,0.9968119263648987,0.9964990615844727,0
1600,0.9970752000808716,0.9967562556266785,0
1601,0.9970752000808716,0.9967562556266785,0
1602,0.9970752000808716,0.9967562556266785,0
1603,0.9970752000808716,0.9967562556266785,0
1604,0.9970752000808716,0.9967562556266785,0
1605,0.9970752000808716,0.9967562556266785,0
1606,0.9970752000808716,0.9967562556266785,0
1607,0.9970752000808716,0.9967562556266785,0
1608,0.9970752000808716,0.9967562556266785,0
1609,0.9970752000808716,0.9967562556266785,0
1610,0.9970752000808716,0.9967562556266785,0
1611,0.9970752000808716,0.9967562556266785,0
1612,0.9970752000808716,0.9967562556266785,0
1613,0.9970752000808716,0.9967562556266785,0
1614,0.9970752000808716,0.9967562556266785,0
1615,0.9970752000808716,0.9967562556266785,0
1616,0.997157096862793,0.9969339966773987,0
1617,0.997157096862793,0.9969339966773987,0
1618,0.997157096862793,0.9969339966773987,0
1619,0.997157096862793,0.9969339966773987,0
1620,0.997157096862793,0.9969339966773987,0
1621,0.997157096862793,0.9969339966773987,0
1622,0.997157096862793,0.9969339966773987,0
1623,0.997157096862793,0.9969339966773987,0
1624,0.997157096862793,0.9969339966773987,0
1625,0.997157096862793,0.9969339966773987,0
1626,0.997157096862793,0.9969339966773987,0
1627,0.997157096862793,0.9969339966773987,0
1628,0.997157096862793,0.9969339966773987,0
1629,0.997157096862793,0.9969339966773987,0
1630,0.997157096862793,0.9969339966773987,0
1631,0.997157096862793,0.9969339966773987,0
1632,0.9975023865699768,0.9971756935119629,0
1633,0.9975023865699768,0.9971756935119629,0
1634,0.9975023865699768,0.9971756935119629,0
1635,0.9975023865699768,0.9971756935119629,0
1636,0.9975023865699768,0.9971756935119629,0
1637,0.9975023865699768,0.9971756935119629,0
1638,0.9975023865699768,0.9971756935119629,0
1639,0.9975023865699768,0.9971756935119629,0
1640,0.9975023865699768,0.9971756935119629,0
1641,0.9975023865699768,0.9971756935119629,0
1642,0.9975023865699768,0.9971756935119629,0
1643,0.9975023865699768,0.9971756935119629,0
1644,0.9975023865699768,0.9971756935119629,0
1645,0.9975023865699768,0.9971756935119629,0
1646,0.9975023865699768,0.9971756935119629,0
1647,0.9975023865699768,0.9971756935119629,0
1648,0.9980271458625793,0.9974647760391235,0
1649,0.9980271458625793,0.9974647760391235,0
1650,0.9980271458625793,0.9974647760391235,0
1651,0.9980271458625793,0.9974647760391235,0
1652,0.9980271458625793,0.9974647760391235,0
1653,0.9980271458625793,0.9974647760391235,0
1654,0.9980271458625793,0.9974647760391235,0
1655,0.9980271458625793,0.9974647760391235,0
1656,0.9980271458625793,0.9974647760391235,0
1657,0.9980271458625793,0.9974647760391235,0
1658,0.9980271458625793,0.9974647760391235,0
1659,0.9980271458625793,0.9974647760391235,0
1660,0.9980271458625793,0.9974647760391235,0
1661,0.9980271458625793,0.9974647760391235,0
1662,0.9980271458625793,0.9974647760391235,0
1663,0.9980271458625793,0.9974647760391235,0
1664,0.9980636239051819,0.9975996613502502,0
1665,0.9980636239051819,0.9975996613502502,0
1666,0.9980636239051819,0.9975996613502502,0
1667,0.9980636239051819,0.9975996613502502,0
1668,0.9980636239051819,0.9975996613502502,0
1669,0.9980636239051819,0.9975996613502502,0
1670,0.9980636239051819,0.9975996613502502,0
1671,0.9980636239051819,0.9975996613502502,0
1672,0.9980636239051819,0.9975996613502502,0
1673,0.9980636239051819,0.9975996613502502,0
1674,0.9980636239051819,0.9975996613502502,0
1675,0.9980636239051819,0.9975996613502502,0
1676,0.9980636239051819,0.9975996613502502,0
1677,0.9980636239051819,0.9975996613502502,0
1678,0.9980636239051819,0.9975996613502502,0
1679,0.9980636239051819,0.9975996613502502,0
1680,0.9982345104217529,0.9976785778999329,0
1681,0.9982345104217529,0.9976785778999329,0
1682,0.9982345104217529,0.9976785778999329,0
1683,0.9982345104217529,0.9976785778999329,0
1684,0.9982345104217529,0.9976785778999329,0
1685,0.9982345104217529,0.9976785778999329,0
1686,0.9982345104217529,0.9976785778999329,0
1687,0.9982345104217529,0.9976785778999329,0
1688,0.9982345104217529,0.9976785778999329,0
1689,0.9982345104217529,0.9976785778999329,0
1690,0.9982345104217529,0.9976785778999329,0
1691,0.9982345104217529,0.9976785778999329,0
1692,0.9982345104217529,0.9976785778999329,0
1693,0.9982345104217529,0.9976785778999329,0
1694,0.9982345104217529,0.9976785778999329,0
1695,0.9982345104217529,0.9976785778999329,0
1696,0.9981744289398193,0.9977049827575684,0
1697,0.9981744289398193,0.9977049827575684,0
1698,0.9981744289398193,0.9977049827575684,0
1699,0.9981744289398193,0.9977049827575684,0
1700,0.9981744289398193,0.9977049827575684,0
1701,0.9981744289398193,0.9977049827575684,0
1702,0.9981744289398193,0.9977049827575684,0
1703,0.9981744289398193,0.9977049827575684,0
1704,0.9981744289398193,0.9977049827575684,0
1705,0.9981744289398193,0.9977049827575684,0
1706,0.9981744289398193,0.9977049827575684,0
1707,0.9981744289398193,0.9977049827575684,0
1708,0.9981744289398193,0.9977049827575684,0
1709,0.9981744289398193,0.9977049827575684,0
1710,0.9981744289398193,0.9977049827575684,0
1711,0.9981744289398193,0.9977049827575684,0
1712,0.99813312292099,0.997721791267395,0
1713,0.99813312292099,0.997721791267395,0
1714,0.99813312292099,0.997721791267395,0
1715,0.99813312292099,0.997721791267395,0
1716,0.99813312292099,0.997721791267395,0
1717,0.99813312292099,0.997721791267395,0
1718,0.99813312292099,0.997721791267395,0
1719,0.99813312292099,0.997721791267395,0
1720,0.99813312292099,0.997721791267395,0
1721,0.99813312292099,0.997721791267395,0
1722,0.99813312292099,0.997721791267395,0
1723,0.99813312292099,0.997721791267395,0
1724,0.99813312292099,0.997721791267395,0
1725,0.99813312292099,0.997721791267395,0
1726,0.99813312292099,0.997721791267395,0
1727,0.99813312292099,0.997721791267395,0
1728,0.9978352189064026,0.9976548552513123,0
1729,0.9978352189064026,0.9976548552513123,0
1730,0.9978352189064026,0.9976548552513123,0
1731,0.9978352189064026,0.9976548552513123,0
1732,0.9978352189064026,0.9976548552513123,0
1733,0.9978352189064026,0.9976548552513123,0
1734,0.9978352189064026,0.9976548552513123,0
1735,0.9978352189064026,0.9976548552513123,0
1736,0.9978352189064026,0.9976548552513123,0
1737,0.9978352189064026,0.9976548552513123,0
1738,0.9978352189064026,0.9976548552513123,0
1739,0.9978352189064026,0.9976548552513123,0
1740,0.9978352189064026,0.9976548552513123,0
1741,0.9978352189064026,0.9976548552513123,0
1742,0.9978352189064026,0.9976548552513123,0
1743,0.9978352189064026,0.9976548552513123,0
1744,0.997761607170105,0.9975420832633972,0
1745,0.997761607170105,0.9975420832633972,0
1746,0.997761607170105,0.9975420832633972,0
1747,0.997761607170105,0.9975420832633972,0
1748,0.997761607170105,0.9975420832633972,0
1749,0.997761607170105,0.9975420832633972,0
1750,0.997761607170105,0.9975420832633972,0
1751,0.997761607170105,0.9975420832633972,0
1752,0.997761607170105,0.9975420832633972,0
1753,0.997761607170105,0.9975420832633972,0
1754,0.997761607170105,0.9975420832633972,0
1755,0.997761607170105,0.9975420832633972,0
1756,0.997761607170105,0.9975420832633972,0
1757,0.997761607170105,0.9975420832633972,0
1758,0.997761607170105,0.9975420832633972,0
1759,0.997761607170105,0.9975420832633972,0
1760,0.9974174499511719,0.9974774122238159,0
1761,0.9974174499511719,0.9974774122238159,0
1762,0.9974174499511719,0.9974774122238159,0
1763,0.9974174499511719,0.9974774122238159,0
1764,0.9974174499511719,0.9974774122238159,0
1765,0.9974174499511719,0.9974774122238159,0
1766,0.9974174499511719,0.9974774122238159,0
1767,0.9974174499511719,0.9974774122238159,0
1768,0.9974174499511719,0.9974774122238159,0
1769,0.9974174499511719,0.9974774122238159,0
1770,0.9974174499511719,0.9974774122238159,0
1771,0.9974174499511719,0.9974774122238159,0
1772,0.9974174499511719,0.9974774122238159,0
1773,0.9974174499511719,0.9974774122238159,0
1774,0.9974174499511719,0.9974774122238159,0
1775,0.9974174499511719,0.9974774122238159,0
1776,0.9975600242614746,0.9974455237388611,0
1777,0.9975600242614746,0.9974455237388611,0
1778,0.9975600242614746,0.9974455237388611,0
1779,0.9975600242614746,0.9974455237388611,0
1780,0.9975600242614746,0.9974455237388611,0
1781,0.9975600242614746,0.9974455237388611,0
1782,0.9975600242614746,0.9974455237388611,0
1783,0.9975600242614746,0.9974455237388611,0
1784,0.9975600242614746,0.9974455237388611,0
1785,0.9975600242614746,0.9974455237388611,0
1786,0.9975600242614746,0.9974455237388611,0
1787,0.9975600242614746,0.9974455237388611,0
1788,0.9975600242614746,0.9974455237388611,0
1789,0.9975600242614746,0.9974455237388611,0
1790,0.9975600242614746,0.9974455237388611,0
1791,0.9975600242614746,0.9974455237388611,0
1792,0.997664213180542,0.9975621700286865,0
1793,0.997664213180542,0.9975621700286865,0
1794,0.997664213180542,0.9975621700286865,0
1795,0.997664213180542,0.9975621700286865,0
1796,0.997664213180542,0.9975621700286865,0
1797,0.997664213180542,0.9975621700286865,0
1798,0.997664213180542,0.9975621700286865,0
1799,0.997664213180542,0.9975621700286865,0
1800,0.997664213180542,0.9975621700286865,0
1801,0.997664213180542,0.9975621700286865,0
1802,0.997664213180542,0.9975621700286865,0
1803,0.997664213180542,0.9975621700286865,0
1804,0.997664213180542,0.9975621700286865,0
1805,0.997664213180542,0.9975621700286865,0
1806,0.997664213180542,0.9975621700286865,0
1807,0.997664213180542,0.9975621700286865,0
1808,0.9979547262191772,0.9976759552955627,0
1809,0.9979547262191772,0.9976759552955627,0
1810,0.9979547262191772,0.9976759552955627,0
1811,0.9979547262191772,0.9976759552955627,0
1812,0.9979547262191772,0.9976759552955627,0
1813,0.9979547262191772,0.9976759552955627,0
1814,0.9979547262191772,0.9976759552955627,0
1815,0.9979547262191772,0.9976759552955627,0
1816,0.9979547262191772,0.9976759552955627,0
1817,0.9979547262191772,0.9976759552955627,0
1818,0.9979547262191772,0.9976759552955627,0
1819,0.9979547262191772,0.9976759552955627,0
1820,0.9979547262191772,0.9976759552955627,0
1821,0.9979547262191772,0.9976759552955627,0
1822,0.9979547262191772,0.9976759552955627,0
1823,0.9979547262191772,0.9976759552955627,0
1824,0.9981228709220886,0.9978379011154175,0
1825,0.9981228709220886,0.9978379011154175,0
1826,0.9981228709220886,0.9978379011154175,0
1827,0.9981228709220886,0.9978379011154175,0
1828,0.9981228709220886,0.9978379011154175,0
1829,0.9981228709220886,0.9978379011154175,0
1830,0.9981228709220886,0.9978379011154175,0
1831,0.9981228709220886,0.9978379011154175,0
1832,0.9981228709220886,0.9978379011154175,0
1833,0.9981228709220886,0.9978379011154175,0
1834,0.9981228709220886,0.9978379011154175,0
1835,0.9981228709220886,0.9978379011154175,0
1836,0.9981228709220886,0.9978379011154175,0
1837,0.9981228709220886,0.9978379011154175,0
1838,0.9981228709220886,0.9978379011154175,0
1839,0.9981228709220886,0.9978379011154175,0
1840,0.9983600974082947,0.9979445934295654,0
1841,0.9983600974082947,0.9979445934295654,0
1842,0.9983600974082947,0.9979445934295654,0
1843,0.9983600974082947,0.9979445934295654,0
1844,0.9983600974082947,0.9979445934295654,0
1845,0.9983600974082947,0.9979445934295654,0
1846,0.9983600974082947,0.9979445934295654,0
1847,0.9983600974082947,0.9979445934295654,0
1848,0.9983600974082947,0.9979445934295654,0
1849,0.9983600974082947,0.9979445934295654,0
1850,0.9983600974082947,0.9979445934295654,0
1851,0.9983600974082947,0.9979445934295654,0
1852,0.9983600974082947,0.9979445934295654,0
1853,0.9983600974082947,0.9979445934295654,0
1854,0.9983600974082947,0.9979445934295654,0
1855,0.9983600974082947,0.9979445934295654,0
1856,0.9985496401786804,0.9979978203773499,0
1857,0.9985496401786804,0.9979978203773499,0
1858,0.9985496401786804,0.9979978203773499,0
1859,0.9985496401786804,0.9979978203773499,0
1860,0.9985496401786804,0.9979978203773499,0
1861,0.9985496401786804,0.9979978203773499,0
1862,0.9985496401786804,0.9979978203773499,0
1863,0.9985496401786804,0.9979978203773499,0
1864,0.9985496401786804,0.9979978203773499,0
1865,0.9985496401786804,0.9979978203773499,0
1866,0.9985496401786804,0.9979978203773499,0
1867,0.9985496401786804,0.9979978203773499,0
1868,0.9985496401786804,0.9979978203773499,0
1869,0.9985496401786804,0.9979978203773499,0
1870,0.9985496401786804,0.9979978203773499,0
1871,0.9985496401786804,0.9979978203773499,0
1872,0.9984837174415588,0.9979804754257202,0
1873,0.9984837174415588,0.9979804754257202,0
1874,0.9984837174415588,0.9979804754257202,0
1875,0.9984837174415588,0.9979804754257202,0
1876,0.9984837174415588,0.9979804754257202,0
1877,0.9984837174415588,0.9979804754257202,0
1878,0.9984837174415588,0.9979804754257202,0
1879,0.9984837174415588,0.9979804754257202,0
1880,0.9984837174415588,0.9979804754257202,0
1881,0.9984837174415588,0.9979804754257202,0
1882,0.9984837174415588,0.9979804754257202,0
1883,0.9984837174415588,0.9979804754257202,0
1884,0.9984837174415588,0.9979804754257202,0
1885,0.9984837174415588,0.9979804754257202,0
1886,0.9984837174415588,0.9979804754257202,0
1887,0.9984837174415588,0.9979804754257202,0
1888,0.9984525442123413,0.9979565143585205,0
1889,0.9984525442123413,0.9979565143585205,0
1890,0.9984525442123413,0.9979565143585205,0
1891,0.9984525442123413,0.9979565143585205,0
1892,0.9984525442123413,0.9979565143585205,0
1893,0.9984525442123413,0.9979565143585205,0
1894,0.9984525442123413,0.9979565143585205,0
1895,0.9984525442123413,0.9979565143585205,0
1896,0.9984525442123413,0.9979565143585205,0
1897,0.9984525442123413,0.9979565143585205,0
1898,0.9984525442123413,0.9979565143585205,0
1899,0.9984525442123413,0.9979565143585205,0
1900,0.9984525442123413,0.9979565143585205,0
1901,0.9984525442123413,0.9979565143585205,0
1902,0.9984525442123413,0.9979565143585205,0
1903,0.9984525442123413,0.9979565143585205,0
1904,0.9983859062194824,0.9979745745658875,0
1905,0.9983859062194824,0.9979745745658875,0
1906,0.9983859062194824,0.9979745745658875,0
1907,0.9983859062194824,0.9979745745658875,0
1908,0.9983859062194824,0.9979745745658875,0
1909,0.9983859062194824,0.9979745745658875,0
1910,0.9983859062194824,0.9979745745658875,0
1911,0.9983859062194824,0.9979745745658875,0
1912,0.9983859062194824,0.9979745745658875,0
1913,0.9983859062194824,0.9979745745658875,0
1914,0.9983859062194824,0.9979745745658875,0
1915,0.9983859062194824,0.9979745745658875,0
1916,0.9983859062194824,0.9979745745658875,0
1917,0.9983859062194824,0.9979745745658875,0
1918,0.9983859062194824,0.9979745745658875,0
1919,0.9983859062194824,0.9979745745658875,0
1920,0.9981259703636169,0.9978556036949158,0
1921,0.9981259703636169,0.9978556036949158,0
1922,0.9981259703636169,0.9978556036949158,0
1923,0.9981259703636169,0.9978556036949158,0
1924,0.9981259703636169,0.9978556036949158,0
1925,0.9981259703636169,0.9978556036949158,0
1926,0.9981259703636169,0.9978556036949158,0
1927,0.9981259703636169,0.9978556036949158,0
1928,0.9981259703636169,0.9978556036949158,0
1929,0.9981259703636169,0.9978556036949158,0
1930,0.9981259703636169,0.9978556036949158,0
1931,0.9981259703636169,0.9978556036949158,0
1932,0.9981259703636169,0.9978556036949158,0
1933,0.9981259703636169,0.9978556036949158,0
1934,0.9981259703636169,0.9978556036949158,0
1935,0.9981259703636169,0.9978556036949158,0
1936,0.9977733492851257,0.9976644515991211,0
1937,0.9977733492851257,0.9976644515991211,0
1938,0.9977733492851257,0.9976644515991211,0
1939,0.9977733492851257,0.9976644515991211,0
1940,0.9977733492851257,0.9976644515991211,0
1941,0.9977733492851257,0.9976644515991211,0
1942,0.9977733492851257,0.9976644515991211,0
1943,0.9977733492851257,0.9976644515991211,0
1944,0.9977733492851257,0.9976644515991211,0
1945,0.9977733492851257,0.9976644515991211,0
1946,0.9977733492851257,0.9976644515991211,0
1947,0.9977733492851257,0.9976644515991211,0
1948,0.9977733492851257,0.9976644515991211,0
1949,0.9977733492851257,0.9976644515991211,0
1950,0.9977733492851257,0.9976644515991211,0
1951,0.9977733492851257,0.9976644515991211,0
1952,0.9973703622817993,0.9974535703659058,0
1953,0.9973703622817993,0.9974535703659058,0
1954,0.9973703622817993,0.9974535703659058,0
1955,0.9973703622817993,0.9974535703659058,0
1956,0.9973703622817993,0.9974535703659058,0
1957,0.9973703622817993,0.9974535703659058,0
1958,0.9973703622817993,0.9974535703659058,0
1959,0.9973703622817993,0.9974535703659058,0
1960,0.9973703622817993,0.9974535703659058,0
1961,0.9973703622817993,0.9974535703659058,0
1962,0.9973703622817993,0.9974535703659058,0
1963,0.9973703622817993,0.9974535703659058,0
1964,0.9973703622817993,0.9974535703659058,0
1965,0.9973703622817993,0.9974535703659058,0
1966,0.9973703622817993,0.9974535703659058,0
1967,0.9973703622817993,0.9974535703659058,0
1968,0.9965568780899048,0.9970765113830566,0
1969,0.9965568780899048,0.9970765113830566,0
1970,0.9965568780899048,0.9970765113830566,0
1971,0.9965568780899048,0.9970765113830566,0
1972,0.9965568780899048,0.9970765113830566,0
1973,0.9965568780899048,0.9970765113830566,0
1974,0.9965568780899048,0.9970765113830566,0
1975,0.9965568780899048,0.9970765113830566,0
1976,0.9965568780899048,0.9970765113830566,0
1977,0.9965568780899048,0.9970765113830566,0
1978,0.9965568780899048,0.9970765113830566,0
1979,0.9965568780899048,0.9970765113830566,0
1980,0.9965568780899048,0.9970765113830566,0
1981,0.9965568780899048,0.9970765113830566,0
1982,0.9965568780899048,0.9970765113830566,0
1983,0.9965568780899048,0.9970765113830566,0
1984,0.9952608942985535,0.9966423511505127,0
1985,0.9952608942985535,0.9966423511505127,0
1986,0.9952608942985535,0.9966423511505127,0
1987,0.9952608942985535,0.9966423511505127,0
1988,0.9952608942985535,0.9966423511505127,0
1989,0.9952608942985535,0.9966423511505127,0
1990,0.9952608942985535,0.9966423511505127,0
1991,0.9952608942985535,0.9966423511505127,0
1992,0.9952608942985535,0.9966423511505127,0
1993,0.9952608942985535,0.9966423511505127,0
1994,0.9952608942985535,0.9966423511505127,0
1995,0.9952608942985535,0.9966423511505127,0
1996,0.9952608942985535,0.9966423511505127,0
1997,0.9952608942985535,0.9966423511505127,0
1998,0.9952608942985535,0.9966423511505127,0
1999,0.9952608942985535,0.9966423511505127,0
2000,0.992434024810791,0.996073305606842,0
2001,0.992434024810791,0.996073305606842,0
2002,0.992434024810791,0.996073305606842,0
2003,0.992434024810791,0.996073305606842,0
2004,0.992434024810791,0.996073305606842,0
2005,0.992434024810791,0.996073305606842,0
2006,0.992434024810791,0.996073305606842,0
2007,0.992434024810791,0.996073305606842,0
2008,0.992434024810791,0.996073305606842,0
2009,0.992434024810791,0.996073305606842,0
2010,0.992434024810791,0.996073305606842,0
2011,0.992434024810791,0.996073305606842,0
2012,0.992434024810791,0.996073305606842,0
2013,0.992434024810791,0.996073305606842,0
2014,0.992434024810791,0.996073305606842,0
2015,0.992434024810791,0.996073305606842,0
2016,0.9871533513069153,0.9952678084373474,0
2017,0.9871533513069153,0.9952678084373474,0
2018,0.9871533513069153,0.9952678084373474,0
2019,0.9871533513069153,0.9952678084373474,0
2020,0.9871533513069153,0.9952678084373474,0
2021,0.9871533513069153,0.9952678084373474,0
2022,0.9871533513069153,0.9952678084373474,0
2023,0.9871533513069153,0.9952678084373474,0
2024,0.9871533513069153,0.9952678084373474,0
2025,0.9871533513069153,0.9952678084373474,0
2026,0.9871533513069153,0.9952678084373474,0
2027,0.9871533513069153,0.9952678084373474,0
2028,0.9871533513069153,0.9952678084373474,0
2029,0.9871533513069153,0.9952678084373474,0
2030,0.9871533513069153,0.9952678084373474,0
2031,0.9871533513069153,0.9952678084373474,0
2032,0.9782096147537231,0.9942342638969421,0
2033,0.9782096147537231,0.9942342638969421,0
2034,0.9782096147537231,0.9942342638969421,0
2035,0.9782096147537231,0.9942342638969421,0
2036,0.9782096147537231,0.9942342638969421,0
2037,0.9782096147537231,0.9942342638969421,0
2038,0.9782096147537231,0.9942342638969421,0
2039,0.9782096147537231,0.9942342638969421,0
2040,0.9782096147537231,0.9942342638969421,0
2041,0.9782096147537231,0.9942342638969421,0
2042,0.9782096147537231,0.9942342638969421,0
2043,0.9782096147537231,0.9942342638969421,0
2044,0.9782096147537231,0.9942342638969421,0
2045,0.9782096147537231,0.9942342638969421,0
2046,0.9782096147537231,0.9942342638969421,0
2047,0.9782096147537231,0.9942342638969421,0
2048,0.9653509259223938,0.9931502938270569,0
2049,0.9653509259223938,0.9931502938270569,0
2050,0.9653509259223938,0.9931502938270569,0
2051,0.9653509259223938,0.9931502938270569,0
2052,0.9653509259223938,0.9931502938270569,0
2053,0.9653509259223938,0.9931502938270569,0
2054,0.9653509259223938,0.9931502938270569,0
2055,0.9653509259223938,0.9931502938270569,0
2056,0.9653509259223938,0.9931502938270569,0
2057,0.9653509259223938,0.9931502938270569,0
2058,0.9653509259223938,0.9931502938270569,0
2059,0.9653509259223938,0.9931502938270569,0
2060,0.9653509259223938,0.9931502938270569,0
2061,0.9653509259223938,0.9931502938270569,0
2062,0.9653509259223938,0.9931502938270569,0
2063,0.9653509259223938,0.9931502938270569,0
2064,0.9478005170822144,0.992030680179596,0
2065,0.9478005170822144,0.992030680179596,0
2066,0.9478005170822144,0.992030680179596,0
2067,0.9478005170822144,0.992030680179596,0
2068,0.9478005170822144,0.992030680179596,0
2069,0.9478005170822144,0.992030680179596,0
2070,0.9478005170822144,0.992030680179596,0
2071,0.9478005170822144,0.992030680179596,0
2072,0.9478005170822144,0.992030680179596,0
2073,0.9478005170822144,0.992030680179596,0
2074,0.9478005170822144,0.992030680179596,0
2075,0.9478005170822144,0.992030680179596,0
2076,0.9478005170822144,0.992030680179596,0
2077,0.9478005170822144,0.992030680179596,0
2078,0.9478005170822144,0.992030680179596,0
2079,0.9478005170822144,0.992030680179596,0
2080,0.9375554919242859,0.9914776086807251,0
2081,0.9375554919242859,0.9914776086807251,0
2082,0.9375554919242859,0.9914776086807251,0
2083,0.9375554919242859,0.9914776086807251,0
2084,0.9375554919242859,0.9914776086807251,0
2085,0.9375554919242859,0.9914776086807251,0
2086,0.9375554919242859,0.9914776086807251,0
2087,0.9375554919242859,0.9914776086807251,0
2088,0.9375554919242859,0.9914776086807251,0
2089,0.9375554919242859,0.9914776086807251,0
2090,0.9375554919242859,0.9914776086807251,0
2091,0.9375554919242859,0.9914776086807251,0
2092,0.9375554919242859,0.9914776086807251,0
2093,0.9375554919242859,0.9914776086807251,0
2094,0.9375554919242859,0.9914776086807251,0
2095,0.9375554919242859,0.9914776086807251,0
2096,0.9275956153869629,0.9912756681442261,0
2097,0.9275956153869629,0.9912756681442261,0
2098,0.9275956153869629,0.9912756681442261,0
2099,0.9275956153869629,0.9912756681442261,0
2100,0.9275956153869629,0.9912756681442261,0
2101,0.9275956153869629,0.9912756681442261,0
2102,0.9275956153869629,0.9912756681442261,0
2103,0.9275956153869629,0.9912756681442261,0
2104,0.9275956153869629,0.9912756681442261,0
2105,0.9275956153869629,0.9912756681442261,0
2106,0.9275956153869629,0.9912756681442261,0
2107,0.9275956153869629,0.9912756681442261,0
2108,0.9275956153869629,0.9912756681442261,0
2109,0.9275956153869629,0.9912756681442261,0
2110,0.9275956153869629,0.9912756681442261,0
2111,0.9275956153869629,0.9912756681442261,0
2112,0.9250662326812744,0.9913651943206787,0
2113,0.9250662326812744,0.9913651943206787,0
2114,0.9250662326812744,0.9913651943206787,0
2115,0.9250662326812744,0.9913651943206787,0
2116,0.9250662326812744,0.9913651943206787,0
2117,0.9250662326812744,0.9913651943206787,0
2118,0.9250662326812744,0.9913651943206787,0
2119,0.9250662326812744,0.9913651943206787,0
2120,0.9250662326812744,0.9913651943206787,0
2121,0.9250662326812744,0.9913651943206787,0
2122,0.9250662326812744,0.9913651943206787,0
2123,0.9250662326812744,0.9913651943206787,0
2124,0.9250662326812744,0.9913651943206787,0
2125,0.9250662326812744,0.9913651943206787,0
2126,0.9250662326812744,0.9913651943206787,0
2127,0.9250662326812744,0.9913651943206787,0
2128,0.9313416481018066,0.9916667938232422,0
2129,0.9313416481018066,0.9916667938232422,0
2130,0.9313416481018066,0.9916667938232422,0
2131,0.9313416481018066,0.9916667938232422,0
2132,0.9313416481018066,0.9916667938232422,0
2133,0.9313416481018066,0.9916667938232422,0
2134,0.9313416481018066,0.9916667938232422,0
2135,0.9313416481018066,0.9916667938232422,0
2136,0.9313416481018066,0.9916667938232422,0
2137,0.9313416481018066,0.9916667938232422,0
2138,0.9313416481018066,0.9916667938232422,0
2139,0.9313416481018066,0.9916667938232422,0
2140,0.9313416481018066,0.9916667938232422,0
2141,0.9313416481018066,0.9916667938232422,0
2142,0.9313416481018066,0.9916667938232422,0
2143,0.9313416481018066,0.9916667938232422,0
2144,0.9444341659545898,0.9925768971443176,0
2145,0.9444341659545898,0.9925768971443176,0
2146,0.9444341659545898,0.9925768971443176,0
2147,0.9444341659545898,0.9925768971443176,0
2148,0.9444341659545898,0.9925768971443176,0
2149,0.9444341659545898,0.9925768971443176,0
2150,0.9444341659545898,0.9925768971443176,0
2151,0.9444341659545898,0.9925768971443176,0
2152,0.9444341659545898,0.9925768971443176,0
2153,0.9444341659545898,0.9925768971443176,0
2154,0.9444341659545898,0.9925768971443176,0
2155,0.9444341659545898,0.9925768971443176,0
2156,0.9444341659545898,0.9925768971443176,0
2157,0.9444341659545898,0.9925768971443176,0
2158,0.9444341659545898,0.9925768971443176,0
2159,0.9444341659545898,0.9925768971443176,0
2160,0.9546952247619629,0.9932420253753662,0
2161,0.9546952247619629,0.9932420253753662,0
2162,0.9546952247619629,0.9932420253753662,0
2163,0.9546952247619629,0.9932420253753662,0
2164,0.9546952247619629,0.9932420253753662,0
2165,0.9546952247619629,0.9932420253753662,0
2166,0.9546952247619629,0.9932420253753662,0
2167,0.9546952247619629,0.9932420253753662,0
2168,0.9546952247619629,0.9932420253753662,0
2169,0.9546952247619629,0.9932420253753662,0
2170,0.9546952247619629,0.9932420253753662,0
2171,0.9546952247619629,0.9932420253753662,0
2172,0.9546952247619629,0.9932420253753662,0
2173,0.9546952247619629,0.9932420253753662,0
2174,0.9546952247619629,0.9932420253753662,0
2175,0.9546952247619629,0.9932420253753662,0
2176,0.9618820548057556,0.993743360042572,0
2177,0.9618820548057556,0.993743360042572,0
2178,0.9618820548057556,0.993743360042572,0
2179,0.9618820548057556,0.993743360042572,0
2180,0.9618820548057556,0.993743360042572,0
2181,0.9618820548057556,0.993743360042572,0
2182,0.9618820548057556,0.993743360042572,0
2183,0.9618820548057556,0.993743360042572,0
2184,0.9618820548057556,0.993743360042572,0
2185,0.9618820548057556,0.993743360042572,0
2186,0.9618820548057556,0.993743360042572,0
2187,0.9618820548057556,0.993743360042572,0
2188,0.9618820548057556,0.993743360042572,0
2189,0.9618820548057556,0.993743360042572,0
2190,0.9618820548057556,0.993743360042572,0
2191,0.9618820548057556,0.993743360042572,0
2192,0.9689453840255737,0.9941552877426147,0
2193,0.9689453840255737,0.9941552877426147,0
2194,0.9689453840255737,0.9941552877426147,0
2195,0.9689453840255737,0.9941552877426147,0
2196,0.9689453840255737,0.9941552877426147,0
2197,0.9689453840255737,0.9941552877426147,0
2198,0.9689453840255737,0.9941552877426147,0
2199,0.9689453840255737,0.9941552877426147,0
2200,0.9689453840255737,0.9941552877426147,0
2201,0.9689453840255737,0.9941552877426147,0
2202,0.9689453840255737,0.9941552877426147,0
2203,0.9689453840255737,0.9941552877426147,0
2204,0.9689453840255737,0.9941552877426147,0
2205,0.9689453840255737,0.9941552877426147,0
2206,0.9689453840255737,0.9941552877426147,0
2207,0.9689453840255737,0.9941552877426147,0
2208,0.9751957058906555,0.9945787191390991,0
2209,0.9751957058906555,0.9945787191390991,0
2210,0.9751957058906555,0.9945787191390991,0
2211,0.9751957058906555,0.9945787191390991,0
2212,0.9751957058906555,0.9945787191390991,0
2213,0.9751957058906555,0.9945787191390991,0
2214,0.9751957058906555,0.9945787191390991,0
2215,0.9751957058906555,0.9945787191390991,0
2216,0.9751957058906555,0.9945787191390991,0
2217,0.9751957058906555,0.9945787191390991,0
2218,0.9751957058906555,0.9945787191390991,0
2219,0.9751957058906555,0.9945787191390991,0
2220,0.9751957058906555,0.9945787191390991,0
2221,0.9751957058906555,0.9945787191390991,0
2222,0.9751957058906555,0.9945787191390991,0
2223,0.9751957058906555,0.9945787191390991,0
2224,0.9803800582885742,0.9949816465377808,0
2225,0.9803800582885742,0.9949816465377808,0
2226,0.9803800582885742,0.9949816465377808,0
2227,0.9803800582885742,0.9949816465377808,0
2228,0.9803800582885742,0.9949816465377808,0
2229,0.9803800582885742,0.9949816465377808,0
2230,0.9803800582885742,0.9949816465377808,0
2231,0.9803800582885742,0.9949816465377808,0
2232,0.9803800582885742,0.9949816465377808,0
2233,0.9803800582885742,0.9949816465377808,0
2234,0.9803800582885742,0.9949816465377808,0
2235,0.9803800582885742,0.9949816465377808,0
2236,0.9803800582885742,0.9949816465377808,0
2237,0.9803800582885742,0.9949816465377808,0
2238,0.9803800582885742,0.9949816465377808,0
2239,0.9803800582885742,0.9949816465377808,0
2240,0.9841066598892212,0.995250403881073,0
2241,0.9841066598892212,0.995250403881073,0
2242,0.9841066598892212,0.995250403881073,0
2243,0.9841066598892212,0.995250403881073,0
2244,0.9841066598892212,0.995250403881073,0
2245,0.9841066598892212,0.995250403881073,0
2246,0.9841066598892212,0.995250403881073,0
2247,0.9841066598892212,0.995250403881073,0
2248,0.9841066598892212,0.995250403881073,0
2249,0.9841066598892212,0.995250403881073,0
2250,0.9841066598892212,0.995250403881073,0
2251,0.9841066598892212,0.995250403881073,0
2252,0.9841066598892212,0.995250403881073,0
2253,0.9841066598892212,0.995250403881073,0
2254,0.9841066598892212,0.995250403881073,0
2255,0.9841066598892212,0.995250403881073,0
2256,0.9863742589950562,0.9955220222473145,0
2257,0.9863742589950562,0.9955220222473145,0
2258,0.9863742589950562,0.9955220222473145,0
2259,0.9863742589950562,0.9955220222473145,0
2260,0.9863742589950562,0.9955220222473145,0
2261,0.9863742589950562,0.9955220222473145,0
2262,0.9863742589950562,0.9955220222473145,0
2263,0.9863742589950562,0.9955220222473145,0
2264,0.9863742589950562,0.9955220222473145,0
2265,0.9863742589950562,0.9955220222473145,0
2266,0.9863742589950562,0.9955220222473145,0
2267,0.9863742589950562,0.9955220222473145,0
2268,0.9863742589950562,0.9955220222473145,0
2269,0.9863742589950562,0.9955220222473145,0
2270,0.9863742589950562,0.9955220222473145,0
2271,0.9863742589950562,0.9955220222473145,0
2272,0.987496018409729,0.9955187439918518,0
2273,0.987496018409729,0.9955187439918518,0
2274,0.987496018409729,0.9955187439918518,0
2275,0.987496018409729,0.9955187439918518,0
2276,0.987496018409729,0.9955187439918518,0
2277,0.987496018409729,0.9955187439918518,0
2278,0.987496018409729,0.9955187439918518,0
2279,0.987496018409729,0.9955187439918518,0
2280,0.987496018409729,0.9955187439918518,0
2281,0.987496018409729,0.9955187439918518,0
2282,0.987496018409729,0.9955187439918518,0
2283,0.987496018409729,0.9955187439918518,0
2284,0.987496018409729,0.9955187439918518,0
2285,0.987496018409729,0.9955187439918518,0
2286,0.987496018409729,0.9955187439918518,0
2287,0.987496018409729,0.9955187439918518,0
2288,0.9888185858726501,0.9955971837043762,0
2289,0.9888185858726501,0.9955971837043762,0
2290,0.9888185858726501,0.9955971837043762,0
2291,0.9888185858726501,0.9955971837043762,0
2292,0.9888185858726501,0.9955971837043762,0
2293,0.9888185858726501,0.9955971837043762,0
2294,0.9888185858726501,0.9955971837043762,0
2295,0.9888185858726501,0.9955971837043762,0
2296,0.9888185858726501,0.9955971837043762,0
2297,0.9888185858726501,0.9955971837043762,0
2298,0.9888185858726501,0.9955971837043762,0
2299,0.9888185858726501,0.9955971837043762,0
2300,0.9888185858726501,0.9955971837043762,0
2301,0.9888185858726501,0.9955971837043762,0
2302,0.9888185858726501,0.9955971837043762,0
2303,0.9888185858726501,0.9955971837043762,0
2304,0.9904471635818481,0.9956939220428467,0
2305,0.9904471635818481,0.9956939220428467,0
2306,0.9904471635818481,0.9956939220428467,0
2307,0.9904471635818481,0.9956939220428467,0
2308,0.9904471635818481,0.9956939220428467,0
2309,0.9904471635818481,0.9956939220428467,0
2310,0.9904471635818481,0.9956939220428467,0
2311,0.9904471635818481,0.9956939220428467,0
2312,0.9904471635818481,0.9956939220428467,0
2313,0.9904471635818481,0.9956939220428467,0
2314,0.9904471635818481,0.9956939220428467,0
2315,0.9904471635818481,0.9956939220428467,0
2316,0.9904471635818481,0.9956939220428467,0
2317,0.9904471635818481,0.9956939220428467,0
2318,0.9904471635818481,0.9956939220428467,0
2319,0.9904471635818481,0.9956939220428467,0
2320,0.9912304878234863,0.9957536458969116,0
2321,0.9912304878234863,0.9957536458969116,0
2322,0.9912304878234863,0.9957536458969116,0
2323,0.9912304878234863,0.9957536458969116,0
2324,0.9912304878234863,0.9957536458969116,0
2325,0.9912304878234863,0.9957536458969116,0
2326,0.9912304878234863,0.9957536458969116,0
2327,0.9912304878234863,0.9957536458969116,0
2328,0.9912304878234863,0.9957536458969116,0
2329,0.9912304878234863,0.9957536458969116,0
2330,0.9912304878234863,0.9957536458969116,0
2331,0.9912304878234863,0.9957536458969116,0
2332,0.9912304878234863,0.9957536458969116,0
2333,0.9912304878234863,0.9957536458969116,0
2334,0.9912304878234863,0.9957536458969116,0
2335,0.9912304878234863,0.9957536458969116,0
2336,0.9908391833305359,0.9955161809921265,0
2337,0.9908391833305359,0.9955161809921265,0
2338,0.9908391833305359,0.9955161809921265,0
2339,0.9908391833305359,0.9955161809921265,0
2340,0.9908391833305359,0.9955161809921265,0
2341,0.9908391833305359,0.9955161809921265,0
2342,0.9908391833305359,0.9955161809921265,0
2343,0.9908391833305359,0.9955161809921265,0
2344,0.9908391833305359,0.9955161809921265,0
2345,0.9908391833305359,0.9955161809921265,0
2346,0.9908391833305359,0.9955161809921265,0
2347,0.9908391833305359,0.9955161809921265,0
2348,0.9908391833305359,0.9955161809921265,0
2349,0.9908391833305359,0.9955161809921265,0
2350,0.9908391833305359,0.9955161809921265,0
2351,0.9908391833305359,0.9955161809921265,0
2352,0.9908594489097595,0.995353639125824,0
2353,0.9908594489097595,0.995353639125824,0
2354,0.9908594489097595,0.995353639125824,0
2355,0.9908594489097595,0.995353639125824,0
2356,0.9908594489097595,0.995353639125824,0
2357,0.9908594489097595,0.995353639125824,0
2358,0.9908594489097595,0.995353639125824,0
2359,0.9908594489097595,0.995353639125824,0
2360,0.9908594489097595,0.995353639125824,0
2361,0.9908594489097595,0.995353639125824,0
2362,0.9908594489097595,0.995353639125824,0
2363,0.9908594489097595,0.995353639125824,0
2364,0.9908594489097595,0.995353639125824,0
2365,0.9908594489097595,0.995353639125824,0
2366,0.9908594489097595,0.995353639125824,0
2367,0.9908594489097595,0.995353639125824,0
2368,0.9904194474220276,0.9952211380004883,0
2369,0.9904194474220276,0.9952211380004883,0
2370,0.9904194474220276,0.9952211380004883,0
2371,0.9904194474220276,0.9952211380004883,0
2372,0.9904194474220276,0.9952211380004883,0
2373,0.9904194474220276,0.9952211380004883,0
2374,0.9904194474220276,0.9952211380004883,0
2375,0.9904194474220276,0.9952211380004883,0
2376,0.9904194474220276,0.9952211380004883,0
2377,0.9904194474220276,0.9952211380004883,0
2378,0.9904194474220276,0.9952211380004883,0
2379,0.9904194474220276,0.9952211380004883,0
2380,0.9904194474220276,0.9952211380004883,0
2381,0.9904194474220276,0.9952211380004883,0
2382,0.9904194474220276,0.9952211380004883,0
2383,0.9904194474220276,0.9952211380004883,0
2384,0.9898131489753723,0.9951528310775757,0
2385,0.9898131489753723,0.9951528310775757,0
2386,0.9898131489753723,0.9951528310775757,0
2387,0.9898131489753723,0.9951528310775757,0
2388,0.9898131489753723,0.9951528310775757,0
2389,0.9898131489753723,0.9951528310775757,0
2390,0.9898131489753723,0.9951528310775757,0
2391,0.9898131489753723,0.9951528310775757,0
2392,0.9898131489753723,0.9951528310775757,0
2393,0.9898131489753723,0.9951528310775757,0
2394,0.9898131489753723,0.9951528310775757,0
2395,0.9898131489753723,0.9951528310775757,0
2396,0.9898131489753723,0.9951528310775757,0
2397,0.9898131489753723,0.9951528310775757,0
2398,0.9898131489753723,0.9951528310775757,0
2399,0.9898131489753723,0.9951528310775757,0
2400,0.9896833896636963,0.9950485825538635,0
2401,0.9896833896636963,0.9950485825538635,0
2402,0.9896833896636963,0.9950485825538635,0
2403,0.9896833896636963,0.9950485825538635,0
2404,0.9896833896636963,0.9950485825538635,0
2405,0.9896833896636963,0.9950485825538635,0
2406,0.9896833896636963,0.9950485825538635,0
2407,0.9896833896636963,0.9950485825538635,0
2408,0.9896833896636963,0.9950485825538635,0
2409,0.9896833896636963,0.9950485825538635,0
2410,0.9896833896636963,0.9950485825538635,0
2411,0.9896833896636963,0.9950485825538635,0
2412,0.9896833896636963,0.9950485825538635,0
2413,0.9896833896636963,0.9950485825538635,0
2414,0.9896833896636963,0.9950485825538635,0
2415,0.9896833896636963,0.9950485825538635,0
2416,0.9890238046646118,0.9950346350669861,0
2417,0.9890238046646118,0.9950346350669861,0
2418,0.9890238046646118,0.9950346350669861,0
2419,0.9890238046646118,0.9950346350669861,0
2420,0.9890238046646118,0.9950346350669861,0
2421,0.9890238046646118,0.9950346350669861,0
2422,0.9890238046646118,0.9950346350669861,0
2423,0.9890238046646118,0.9950346350669861,0
2424,0.9890238046646118,0.9950346350669861,0
2425,0.9890238046646118,0.9950346350669861,0
2426,0.9890238046646118,0.9950346350669861,0
2427,0.9890238046646118,0.9950346350669861,0
2428,0.9890238046646118,0.9950346350669861,0
2429,0.9890238046646118,0.9950346350669861,0
2430,0.9890238046646118,0.9950346350669861,0
2431,0.9890238046646118,0.9950346350669861,0
2432,0.9896889925003052,0.9950728416442871,0
2433,0.9896889925003052,0.9950728416442871,0
2434,0.9896889925003052,0.9950728416442871,0
2435,0.9896889925003052,0.9950728416442871,0
2436,0.9896889925003052,0.9950728416442871,0
2437,0.9896889925003052,0.9950728416442871,0
2438,0.9896889925003052,0.9950728416442871,0
2439,0.9896889925003052,0.9950728416442871,0
2440,0.9896889925003052,0.9950728416442871,0
2441,0.9896889925003052,0.9950728416442871,0
2442,0.9896889925003052,0.9950728416442871,0
2443,0.9896889925003052,0.9950728416442871,0
2444,0.9896889925003052,0.9950728416442871,0
2445,0.9896889925003052,0.9950728416442871,0
2446,0.9896889925003052,0.9950728416442871,0
2447,0.9896889925003052,0.9950728416442871,0
2448,0.9904740452766418,0.9951496720314026,0
2449,0.9904740452766418,0.9951496720314026,0
2450,0.9904740452766418,0.9951496720314026,0
2451,0.9904740452766418,0.9951496720314026,0
2452,0.9904740452766418,0.9951496720314026,0
2453,0.9904740452766418,0.9951496720314026,0
2454,0.9904740452766418,0.9951496720314026,0
2455,0.9904740452766418,0.9951496720314026,0
2456,0.9904740452766418,0.9951496720314026,0
2457,0.9904740452766418,0.9951496720314026,0
2458,0.9904740452766418,0.9951496720314026,0
2459,0.9904740452766418,0.9951496720314026,0
2460,0.9904740452766418,0.9951496720314026,0
2461,0.9904740452766418,0.9951496720314026,0
2462,0.9904740452766418,0.9951496720314026,0
2463,0.9904740452766418,0.9951496720314026,0
2464,0.9912983179092407,0.9953864216804504,0
2465,0.9912983179092407,0.9953864216804504,0
2466,0.9912983179092407,0.9953864216804504,0
2467,0.9912983179092407,0.9953864216804504,0
2468,0.9912983179092407,0.9953864216804504,0
2469,0.9912983179092407,0.9953864216804504,0
2470,0.9912983179092407,0.9953864216804504,0
2471,0.9912983179092407,0.9953864216804504,0
2472,0.9912983179092407,0.9953864216804504,0
2473,0.9912983179092407,0.9953864216804504,0
2474,0.9912983179092407,0.9953864216804504,0
2475,0.9912983179092407,0.9953864216804504,0
2476,0.9912983179092407,0.9953864216804504,0
2477,0.9912983179092407,0.9953864216804504,0
2478,0.9912983179092407,0.9953864216804504,0
2479,0.9912983179092407,0.9953864216804504,0
2480,0.9927513599395752,0.9957926273345947,0
2481,0.9927513599395752,0.9957926273345947,0
2482,0.9927513599395752,0.9957926273345947,0
2483,0.9927513599395752,0.9957926273345947,0
2484,0.9927513599395752,0.9957926273345947,0
2485,0.9927513599395752,0.9957926273345947,0
2486,0.9927513599395752,0.9957926273345947,0
2487,0.9927513599395752,0.9957926273345947,0
2488,0.9927513599395752,0.9957926273345947,0
2489,0.9927513599395752,0.9957926273345947,0
2490,0.9927513599395752,0.9957926273345947,0
2491,0.9927513599395752,0.9957926273345947,0
2492,0.9927513599395752,0.9957926273345947,0
2493,0.9927513599395752,0.9957926273345947,0
2494,0.9927513599395752,0.9957926273345947,0
2495,0.9927513599395752,0.9957926273345947,0
2496,0.9940063953399658,0.9963207244873047,0
2497,0.9940063953399658,0.9963207244873047,0
2498,0.9940063953399658,0.9963207244873047,0
2499,0.9940063953399658,0.9963207244873047,0
2500,0.9940063953399658,0.9963207244873047,0
2501,0.9940063953399658,0.9963207244873047,0
2502,0.9940063953399658,0.9963207244873047,0
2503,0.9940063953399658,0.9963207244873047,0
2504,0.9940063953399658,0.9963207244873047,0
2505,0.9940063953399658,0.9963207244873047,0
2506,0.9940063953399658,0.9963207244873047,0
2507,0.9940063953399658,0.9963207244873047,0
2508,0.9940063953399658,0.9963207244873047,0
2509,0.9940063953399658,0.9963207244873047,0
2510,0.9940063953399658,0.9963207244873047,0
2511,0.9940063953399658,0.9963207244873047,0
2512,0.995566189289093,0.9968074560165405,0
2513,0.995566189289093,0.9968074560165405,0
2514,0.995566189289093,0.9968074560165405,0
2515,0.995566189289093,0.9968074560165405,0
2516,0.995566189289093,0.9968074560165405,0
2517,0.995566189289093,0.9968074560165405,0
2518,0.995566189289093,0.9968074560165405,0
2519,0.995566189289093,0.9968074560165405,0
2520,0.995566189289093,0.9968074560165405,0
2521,0.995566189289093,0.9968074560165405,0
2522,0.995566189289093,0.9968074560165405,0
2523,0.995566189289093,0.9968074560165405,0
2524,0.995566189289093,0.9968074560165405,0
2525,0.995566189289093,0.9968074560165405,0
2526,0.995566189289093,0.9968074560165405,0
2527,0.995566189289093,0.9968074560165405,0
2528,0.9964812994003296,0.9972782731056213,0
2529,0.9964812994003296,0.9972782731056213,0
2530,0.9964812994003296,0.9972782731056213,0
2531,0.9964812994003296,0.9972782731056213,0
2532,0.9964812994003296,0.9972782731056213,0
2533,0.9964812994003296,0.9972782731056213,0
2534,0.9964812994003296,0.9972782731056213,0
2535,0.9964812994003296,0.9972782731056213,0
2536,0.9964812994003296,0.9972782731056213,0
2537,0.9964812994003296,0.9972782731056213,0
2538,0.9964812994003296,0.9972782731056213,0
2539,0.9964812994003296,0.9972782731056213,0
2540,0.9964812994003296,0.9972782731056213,0
2541,0.9964812994003296,0.9972782731056213,0
2542,0.9964812994003296,0.9972782731056213,0
2543,0.9964812994003296,0.9972782731056213,0
2544,0.997265100479126,0.9976025223731995,0
2545,0.997265100479126,0.9976025223731995,0
2546,0.997265100479126,0.9976025223731995,0
2547,0.997265100479126,0.9976025223731995,0
2548,0.997265100479126,0.9976025223731995,0
2549,0.997265100479126,0.9976025223731995,0
2550,0.997265100479126,0.9976025223731995,0
2551,0.997265100479126,0.9976025223731995,0
2552,0.997265100479126,0.9976025223731995,0
2553,0.997265100479126,0.9976025223731995,0
2554,0.997265100479126,0.9976025223731995,0
2555,0.997265100479126,0.9976025223731995,0
2556,0.997265100479126,0.9976025223731995,0
2557,0.997265100479126,0.9976025223731995,0
2558,0.997265100479126,0.9976025223731995,0
2559,0.997265100479126,0.9976025223731995,0
2560,0.9979652166366577,0.997944712638855,0
2561,0.9979652166366577,0.997944712638855,0
2562,0.9979652166366577,0.997944712638855,0
2563,0.9979652166366577,0.997944712638855,0
2564,0.9979652166366577,0.997944712638855,0
2565,0.9979652166366577,0.997944712638855,0
2566,0.9979652166366577,0.997944712638855,0
2567,0.9979652166366577,0.997944712638855,0
2568,0.9979652166366577,0.997944712638855,0
2569,0.9979652166366577,0.997944712638855,0
2570,0.9979652166366577,0.997944712638855,0
2571,0.9979652166366577,0.997944712638855,0
2572,0.9979652166366577,0.997944712638855,0
2573,0.9979652166366577,0.997944712638855,0
2574,0.9979652166366577,0.997944712638855,0
2575,0.9979652166366577,0.997944712638855,0
2576,0.9983938336372375,0.9981779456138611,0
2577,0.9983938336372375,0.9981779456138611,0
2578,0.9983938336372375,0.9981779456138611,0
2579,0.9983938336372375,0.9981779456138611,0
2580,0.9983938336372375,0.9981779456138611,0
2581,0.9983938336372375,0.9981779456138611,0
2582,0.9983938336372375,0.9981779456138611,0
2583,0.9983938336372375,0.9981779456138611,0
2584,0.9983938336372375,0.9981779456138611,0
2585,0.9983938336372375,0.9981779456138611,0
2586,0.9983938336372375,0.9981779456138611,0
2587,0.9983938336372375,0.9981779456138611,0
2588,0.9983938336372375,0.9981779456138611,0
2589,0.9983938336372375,0.9981779456138611,0
2590,0.9983938336372375,0.9981779456138611,0
2591,0.9983938336372375,0.9981779456138611,0
2592,0.9986061453819275,0.998272716999054,0
2593,0.9986061453819275,0.998272716999054,0
2594,0.9986061453819275,0.998272716999054,0
2595,0.9986061453819275,0.998272716999054,0
2596,0.9986061453819275,0.998272716999054,0
2597,0.9986061453819275,0.998272716999054,0
2598,0.9986061453819275,0.998272716999054,0
2599,0.9986061453819275,0.998272716999054,0
2600,0.9986061453819275,0.998272716999054,0
2601,0.9986061453819275,0.998272716999054,0
2602,0.9986061453819275,0.998272716999054,0
2603,0.9986061453819275,0.998272716999054,0
2604,0.9986061453819275,0.998272716999054,0
2605,0.9986061453819275,0.998272716999054,0
2606,0.9986061453819275,0.998272716999054,0
2607,0.9986061453819275,0.998272716999054,0
2608,0.9987640380859375,0.9983302354812622,0
2609,0.9987640380859375,0.9983302354812622,0
2610,0.9987640380859375,0.9983302354812622,1
2611,0.9987640380859375,0.9983302354812622,1
2612,0.9987640380859375,0.9983302354812622,1
2613,0.9987640380859375,0.9983302354812622,1
2614,0.9987640380859375,0.9983302354812622,1
2615,0.9987640380859375,0.9983302354812622,1
2616,0.9987640380859375,0.9983302354812622,1
2617,0.9987640380859375,0.9983302354812622,1
2618,0.9987640380859375,0.9983302354812622,1
2619,0.9987640380859375,0.9983302354812622,1
2620,0.9987640380859375,0.9983302354812622,1
2621,0.9987640380859375,0.9983302354812622,1
2622,0.9987640380859375,0.9983302354812622,1
2623,0.9987640380859375,0.9983302354812622,1
2624,0.9986716508865356,0.9982435703277588,1
2625,0.9986716508865356,0.9982435703277588,1
2626,0.9986716508865356,0.9982435703277588,1
2627,0.9986716508865356,0.9982435703277588,1
2628,0.9986716508865356,0.9982435703277588,1
2629,0.9986716508865356,0.9982435703277588,1
2630,0.9986716508865356,0.9982435703277588,1
2631,0.9986716508865356,0.9982435703277588,1
2632,0.9986716508865356,0.9982435703277588,1
2633,0.9986716508865356,0.9982435703277588,1
2634,0.9986716508865356,0.9982435703277588,1
2635,0.9986716508865356,0.9982435703277588,1
2636,0.9986716508865356,0.9982435703277588,1
2637,0.9986716508865356,0.9982435703277588,1
2638,0.9986716508865356,0.9982435703277588,1
2639,0.9986716508865356,0.9982435703277588,1
2640,0.998563826084137,0.9981340765953064,1
2641,0.998563826084137,0.9981340765953064,1
2642,0.998563826084137,0.9981340765953064,1
2643,0.998563826084137,0.9981340765953064,1
2644,0.998563826084137,0.9981340765953064,1
2645,0.998563826084137,0.9981340765953064,1
2646,0.998563826084137,0.9981340765953064,1
2647,0.998563826084137,0.9981340765953064,1
2648,0.998563826084137,0.9981340765953064,1
2649,0.998563826084137,0.9981340765953064,1
2650,0.998563826084137,0.9981340765953064,1
2651,0.998563826084137,0.9981340765953064,1
2652,0.998563826084137,0.9981340765953064,1
2653,0.998563826084137,0.9981340765953064,1
2654,0.998563826084137,0.9981340765953064,1
2655,0.998563826084137,0.9981340765953064,1
2656,0.9982774257659912,0.997931957244873,1
2657,0.9982774257659912,0.997931957244873,1
2658,0.9982774257659912,0.997931957244873,1
2659,0.9982774257659912,0.997931957244873,1
2660,0.9982774257659912,0.997931957244873,1
2661,0.9982774257659912,0.997931957244873,1
2662,0.9982774257659912,0.997931957244873,1
2663,0.9982774257659912,0.997931957244873,1
2664,0.9982774257659912,0.997931957244873,1
2665,0.9982774257659912,0.997931957244873,1
2666,0.9982774257659912,0.997931957244873,1
2667,0.9982774257659912,0.997931957244873,1
2668,0.9982774257659912,0.997931957244873,1
2669,0.9982774257659912,0.997931957244873,1
2670,0.9982774257659912,0.997931957244873,0
2671,0.9982774257659912,0.997931957244873,0
2672,0.9979377388954163,0.9976584911346436,0
2673,0.9979377388954163,0.9976584911346436,0
2674,0.9979377388954163,0.9976584911346436,0
2675,0.9979377388954163,0.9976584911346436,0
2676,0.9979377388954163,0.9976584911346436,0
2677,0.9979377388954163,0.9976584911346436,0
2678,0.9979377388954163,0.9976584911346436,0
2679,0.9979377388954163,0.9976584911346436,0
2680,0.9979377388954163,0.9976584911346436,0
2681,0.9979377388954163,0.9976584911346436,0
2682,0.9979377388954163,0.9976584911346436,0
2683,0.9979377388954163,0.9976584911346436,0
2684,0.9979377388954163,0.9976584911346436,0
2685,0.9979377388954163,0.9976584911346436,0
2686,0.9979377388954163,0.9976584911346436,0
2687,0.9979377388954163,0.9976584911346436,0
2688,0.9975111484527588,0.9974314570426941,0
2689,0.9975111484527588,0.9974314570426941,0
2690,0.9975111484527588,0.9974314570426941,0
2691,0.9975111484527588,0.9974314570426941,0
2692,0.9975111484527588,0.9974314570426941,0
2693,0.9975111484527588,0.9974314570426941,0
2694,0.9975111484527588,0.9974314570426941,0
2695,0.9975111484527588,0.9974314570426941,0
2696,0.9975111484527588,0.9974314570426941,0
2697,0.9975111484527588,0.9974314570426941,0
2698,0.9975111484527588,0.9974314570426941,0
2699,0.9975111484527588,0.9974314570426941,0
2700,0.9975111484527588,0.9974314570426941,0
2701,0.9975111484527588,0.9974314570426941,0
2702,0.9975111484527588,0.9974314570426941,0
2703,0.9975111484527588,0.9974314570426941,0
2704,0.9971613883972168,0.9973214864730835,0
2705,0.9971613883972168,0.9973214864730835,0
2706,0.9971613883972168,0.9973214864730835,0
2707,0.9971613883972168,0.9973214864730835,0
2708,0.9971613883972168,0.9973214864730835,0
2709,0.9971613883972168,0.9973214864730835,0
2710,0.9971613883972168,0.9973214864730835,0
2711,0.9971613883972168,0.9973214864730835,0
2712,0.9971613883972168,0.9973214864730835,0
2713,0.9971613883972168,0.9973214864730835,0
2714,0.9971613883972168,0.9973214864730835,0
2715,0.9971613883972168,0.9973214864730835,0
2716,0.9971613883972168,0.9973214864730835,0
2717,0.9971613883972168,0.9973214864730835,0
2718,0.9971613883972168,0.9973214864730835,0
2719,0.9971613883972168,0.9973214864730835,0
2720,0.996735155582428,0.9972525238990784,0
2721,0.996735155582428,0.9972525238990784,0
2722,0.996735155582428,0.9972525238990784,0
2723,0.996735155582428,0.9972525238990784,0
2724,0.996735155582428,0.9972525238990784,0
2725,0.996735155582428,0.9972525238990784,0
2726,0.996735155582428,0.9972525238990784,0
2727,0.996735155582428,0.9972525238990784,0
2728,0.996735155582428,0.9972525238990784,0
2729,0.996735155582428,0.9972525238990784,0
2730,0.996735155582428,0.9972525238990784,0
2731,0.996735155582428,0.9972525238990784,0
2732,0.996735155582428,0.9972525238990784,0
2733,0.996735155582428,0.9972525238990784,0
2734,0.996735155582428,0.9972525238990784,0
2735,0.996735155582428,0.9972525238990784,0
2736,0.9968234300613403,0.9972341656684875,0
2737,0.9968234300613403,0.9972341656684875,0
2738,0.9968234300613403,0.9972341656684875,0
2739,0.9968234300613403,0.9972341656684875,0
2740,0.9968234300613403,0.9972341656684875,0
2741,0.9968234300613403,0.9972341656684875,0
2742,0.9968234300613403,0.9972341656684875,0
2743,0.9968234300613403,0.9972341656684875,0
2744,0.9968234300613403,0.9972341656684875,0
2745,0.9968234300613403,0.9972341656684875,0
2746,0.9968234300613403,0.9972341656684875,0
2747,0.9968234300613403,0.9972341656684875,0
2748,0.9968234300613403,0.9972341656684875,0
2749,0.9968234300613403,0.9972341656684875,0
2750,0.9968234300613403,0.9972341656684875,0
2751,0.9968234300613403,0.9972341656684875,0
2752,0.99733966588974,0.9974519610404968,0
2753,0.99733966588974,0.9974519610404968,0
2754,0.99733966588974,0.9974519610404968,0
2755,0.99733966588974,0.9974519610404968,0
2756,0.99733966588974,0.9974519610404968,0
2757,0.99733966588974,0.9974519610404968,0
2758,0.99733966588974,0.9974519610404968,0
2759,0.99733966588974,0.9974519610404968,0
2760,0.99733966588974,0.9974519610404968,1
2761,0.99733966588974,0.9974519610404968,1
2762,0.99733966588974,0.9974519610404968,1
2763,0.99733966588974,0.9974519610404968,1
2764,0.99733966588974,0.9974519610404968,1
2765,0.99733966588974,0.9974519610404968,1
2766,0.99733966588974,0.9974519610404968,1
2767,0.99733966588974,0.9974519610404968,1
2768,0.9974555373191833,0.9974128603935242,1
2769,0.9974555373191833,0.9974128603935242,1
2770,0.9974555373191833,0.9974128603935242,1
2771,0.9974555373191833,0.9974128603935242,1
2772,0.9974555373191833,0.9974128603935242,1
2773,0.9974555373191833,0.9974128603935242,1
2774,0.9974555373191833,0.9974128603935242,1
2775,0.9974555373191833,0.9974128603935242,1
2776,0.9974555373191833,0.9974128603935242,1
2777,0.9974555373191833,0.9974128603935242,1
2778,0.9974555373191833,0.9974128603935242,1
2779,0.9974555373191833,0.9974128603935242,1
2780,0.9974555373191833,0.9974128603935242,1
2781,0.9974555373191833,0.9974128603935242,1
2782,0.9974555373191833,0.9974128603935242,1
2783,0.9974555373191833,0.9974128603935242,1
2784,0.9974762797355652,0.9973316192626953,1
2785,0.9974762797355652,0.9973316192626953,1
2786,0.9974762797355652,0.9973316192626953,1
2787,0.9974762797355652,0.9973316192626953,1
2788,0.9974762797355652,0.9973316192626953,1
2789,0.9974762797355652,0.9973316192626953,1
2790,0.9974762797355652,0.9973316192626953,1
2791,0.9974762797355652,0.9973316192626953,1
2792,0.9974762797355652,0.9973316192626953,1
2793,0.9974762797355652,0.9973316192626953,1
2794,0.9974762797355652,0.9973316192626953,1
2795,0.9974762797355652,0.9973316192626953,1
2796,0.9974762797355652,0.9973316192626953,1
2797,0.9974762797355652,0.9973316192626953,1
2798,0.9974762797355652,0.9973316192626953,1
2799,0.9974762797355652,0.9973316192626953,1
2800,0.9975334405899048,0.9971820116043091,1
2801,0.9975334405899048,0.9971820116043091,1
2802,0.9975334405899048,0.9971820116043091,1
2803,0.9975334405899048,0.9971820116043091,1
2804,0.9975334405899048,0.9971820116043091,1
2805,0.9975334405899048,0.9971820116043091,1
2806,0.9975334405899048,0.9971820116043091,1
2807,0.9975334405899048,0.9971820116043091,1
2808,0.9975334405899048,0.9971820116043091,1
2809,0.9975334405899048,0.9971820116043091,1
2810,0.9975334405899048,0.9971820116043091,1
2811,0.9975334405899048,0.9971820116043091,1
2812,0.9975334405899048,0.9971820116043091,1
2813,0.9975334405899048,0.9971820116043091,1
2814,0.9975334405899048,0.9971820116043091,1
2815,0.9975334405899048,0.9971820116043091,1
2816,0.9978151321411133,0.9971696734428406,1
2817,0.9978151321411133,0.9971696734428406,1
2818,0.9978151321411133,0.9971696734428406,1
2819,0.9978151321411133,0.9971696734428406,1
2820,0.9978151321411133,0.9971696734428406,1
2821,0.9978151321411133,0.9971696734428406,1
2822,0.9978151321411133,0.9971696734428406,1
2823,0.9978151321411133,0.9971696734428406,1
2824,0.9978151321411133,0.9971696734428406,1
2825,0.9978151321411133,0.9971696734428406,1
2826,0.9978151321411133,0.9971696734428406,1
2827,0.9978151321411133,0.9971696734428406,1
2828,0.9978151321411133,0.9971696734428406,1
2829,0.9978151321411133,0.9971696734428406,1
2830,0.9978151321411133,0.9971696734428406,1
2831,0.9978151321411133,0.9971696734428406,1
2832,0.9980438947677612,0.9971731305122375,1
2833,0.9980438947677612,0.9971731305122375,1
2834,0.9980438947677612,0.9971731305122375,1
2835,0.9980438947677612,0.9971731305122375,1
2836,0.9980438947677612,0.9971731305122375,1
2837,0.9980438947677612,0.9971731305122375,1
2838,0.9980438947677612,0.9971731305122375,1
2839,0.9980438947677612,0.9971731305122375,1
2840,0.9980438947677612,0.9971731305122375,1
2841,0.9980438947677612,0.9971731305122375,1
2842,0.9980438947677612,0.9971731305122375,1
2843,0.9980438947677612,0.9971731305122375,1
2844,0.9980438947677612,0.9971731305122375,1
2845,0.9980438947677612,0.9971731305122375,1
2846,0.9980438947677612,0.9971731305122375,1
2847,0.9980438947677612,0.9971731305122375,1
2848,0.9981498718261719,0.99717777967453,1
2849,0.9981498718261719,0.99717777967453,1
2850,0.9981498718261719,0.99717777967453,1
2851,0.9981498718261719,0.99717777967453,1
2852,0.9981498718261719,0.99717777967453,1
2853,0.9981498718261719,0.99717777967453,1
2854,0.9981498718261719,0.99717777967453,1
2855,0.9981498718261719,0.99717777967453,1
2856,0.9981498718261719,0.99717777967453,1
2857,0.9981498718261719,0.99717777967453,1
2858,0.9981498718261719,0.99717777967453,1
2859,0.9981498718261719,0.99717777967453,1
2860,0.9981498718261719,0.99717777967453,1
2861,0.9981498718261719,0.99717777967453,1
2862,0.9981498718261719,0.99717777967453,1
2863,0.9981498718261719,0.99717777967453,1
2864,0.9984174966812134,0.9973691701889038,1
2865,0.9984174966812134,0.9973691701889038,1
2866,0.9984174966812134,0.9973691701889038,1
2867,0.9984174966812134,0.9973691701889038,1
2868,0.9984174966812134,0.9973691701889038,1
2869,0.9984174966812134,0.9973691701889038,1
2870,0.9984174966812134,0.9973691701889038,1
2871,0.9984174966812134,0.9973691701889038,1
2872,0.9984174966812134,0.9973691701889038,1
2873,0.9984174966812134,0.9973691701889038,1
2874,0.9984174966812134,0.9973691701889038,1
2875,0.9984174966812134,0.9973691701889038,1
2876,0.9984174966812134,0.9973691701889038,1
2877,0.9984174966812134,0.9973691701889038,1
2878,0.9984174966812134,0.9973691701889038,1
2879,0.9984174966812134,0.9973691701889038,1
2880,0.998753547668457,0.9974881410598755,1
2881,0.998753547668457,0.9974881410598755,1
2882,0.998753547668457,0.9974881410598755,1
2883,0.998753547668457,0.9974881410598755,1
2884,0.998753547668457,0.9974881410598755,1
2885,0.998753547668457,0.9974881410598755,1
2886,0.998753547668457,0.9974881410598755,1
2887,0.998753547668457,0.9974881410598755,1
2888,0.998753547668457,0.9974881410598755,1
2889,0.998753547668457,0.9974881410598755,1
2890,0.998753547668457,0.9974881410598755,1
2891,0.998753547668457,0.9974881410598755,1
2892,0.998753547668457,0.9974881410598755,1
2893,0.998753547668457,0.9974881410598755,1
2894,0.998753547668457,0.9974881410598755,1
2895,0.998753547668457,0.9974881410598755,1
2896,0.9990170001983643,0.9976902008056641,1
2897,0.9990170001983643,0.9976902008056641,1
2898,0.9990170001983643,0.9976902008056641,1
2899,0.9990170001983643,0.9976902008056641,1
2900,0.9990170001983643,0.9976902008056641,1
2901,0.9990170001983643,0.9976902008056641,1
2902,0.9990170001983643,0.9976902008056641,1
2903,0.9990170001983643,0.9976902008056641,1
2904,0.9990170001983643,0.9976902008056641,1
2905,0.9990170001983643,0.9976902008056641,1
2906,0.9990170001983643,0.9976902008056641,1
2907,0.9990170001983643,0.9976902008056641,1
2908,0.9990170001983643,0.9976902008056641,1
2909,0.9990170001983643,0.9976902008056641,1
2910,0.9990170001983643,0.9976902008056641,1
2911,0.9990170001983643,0.9976902008056641,1
2912,0.9991176724433899,0.9977760314941406,1
2913,0.9991176724433899,0.9977760314941406,1
2914,0.9991176724433899,0.9977760314941406,1
2915,0.9991176724433899,0.9977760314941406,1
2916,0.9991176724433899,0.9977760314941406,1
2917,0.9991176724433899,0.9977760314941406,1
2918,0.9991176724433899,0.9977760314941406,1
2919,0.9991176724433899,0.9977760314941406,1
2920,0.9991176724433899,0.9977760314941406,1
2921,0.9991176724433899,0.9977760314941406,1
2922,0.9991176724433899,0.9977760314941406,1
2923,0.9991176724433899,0.9977760314941406,1
2924,0.9991176724433899,0.9977760314941406,1
2925,0.9991176724433899,0.9977760314941406,1
2926,0.9991176724433899,0.9977760314941406,1
2927,0.9991176724433899,0.9977760314941406,1
2928,0.9992156028747559,0.9979458451271057,1
2929,0.9992156028747559,0.9979458451271057,1
2930,0.9992156028747559,0.9979458451271057,1
2931,0.9992156028747559,0.9979458451271057,1
2932,0.9992156028747559,0.9979458451271057,1
2933,0.9992156028747559,0.9979458451271057,1
2934,0.9992156028747559,0.9979458451271057,1
2935,0.9992156028747559,0.9979458451271057,1
2936,0.9992156028747559,0.9979458451271057,1
2937,0.9992156028747559,0.9979458451271057,1
2938,0.9992156028747559,0.9979458451271057,1
2939,0.9992156028747559,0.9979458451271057,1
2940,0.9992156028747559,0.9979458451271057,1
2941,0.9992156028747559,0.9979458451271057,1
2942,0.9992156028747559,0.9979458451271057,1
2943,0.9992156028747559,0.9979458451271057,1
2944,0.999299168586731,0.9980565905570984,1
2945,0.999299168586731,0.9980565905570984,1
2946,0.999299168586731,0.9980565905570984,1
2947,0.999299168586731,0.9980565905570984,1
2948,0.999299168586731,0.9980565905570984,1
2949,0.999299168586731,0.9980565905570984,1
2950,0.999299168586731,0.9980565905570984,1
2951,0.999299168586731,0.9980565905570984,1
2952,0.999299168586731,0.9980565905570984,1
2953,0.999299168586731,0.9980565905570984,1
2954,0.999299168586731,0.9980565905570984,1
2955,0.999299168586731,0.9980565905570984,1
2956,0.999299168586731,0.9980565905570984,1
2957,0.999299168586731,0.9980565905570984,1
2958,0.999299168586731,0.9980565905570984,1
2959,0.999299168586731,0.9980565905570984,1
2960,0.9992702603340149,0.9979889988899231,1
2961,0.9992702603340149,0.9979889988899231,1
2962,0.9992702603340149,0.9979889988899231,1
2963,0.9992702603340149,0.9979889988899231,1
2964,0.9992702603340149,0.9979889988899231,1
2965,0.9992702603340149,0.9979889988899231,1
2966,0.9992702603340149,0.9979889988899231,1
2967,0.9992702603340149,0.9979889988899231,1
2968,0.9992702603340149,0.9979889988899231,1
2969,0.9992702603340149,0.9979889988899231,1
2970,0.9992702603340149,0.9979889988899231,1
2971,0.9992702603340149,0.9979889988899231,1
2972,0.9992702603340149,0.9979889988899231,1
2973,0.9992702603340149,0.9979889988899231,1
2974,0.9992702603340149,0.9979889988899231,1
2975,0.9992702603340149,0.9979889988899231,1
2976,0.9992696642875671,0.9980053305625916,1
2977,0.9992696642875671,0.9980053305625916,1
2978,0.9992696642875671,0.9980053305625916,1
2979,0.9992696642875671,0.9980053305625916,1
2980,0.9992696642875671,0.9980053305625916,1
2981,0.9992696642875671,0.9980053305625916,1
2982,0.9992696642875671,0.9980053305625916,1
2983,0.9992696642875671,0.9980053305625916,1
2984,0.9992696642875671,0.9980053305625916,1
2985,0.9992696642875671,0.9980053305625916,1
2986,0.9992696642875671,0.9980053305625916,1
2987,0.9992696642875671,0.9980053305625916,1
2988,0.9992696642875671,0.9980053305625916,1
2989,0.9992696642875671,0.9980053305625916,1
2990,0.9992696642875671,0.9980053305625916,1
2991,0.9992696642875671,0.9980053305625916,1
2992,0.9992098808288574,0.9979634284973145,1
2993,0.9992098808288574,0.9979634284973145,1
2994,0.9992098808288574,0.9979634284973145,1
2995,0.9992098808288574,0.9979634284973145,1
2996,0.9992098808288574,0.9979634284973145,1
2997,0.9992098808288574,0.9979634284973145,1
2998,0.9992098808288574,0.9979634284973145,1
2999,0.9992098808288574,0.9979634284973145,1
3000,0.9992098808288574,0.9979634284973145,1
3001,0.9992098808288574,0.9979634284973145,1
3002,0.9992098808288574,0.9979634284973145,1
3003,0.9992098808288574,0.9979634284973145,1
3004,0.9992098808288574,0.9979634284973145,1
3005,0.9992098808288574,0.9979634284973145,1
3006,0.9992098808288574,0.9979634284973145,1
3007,0.9992098808288574,0.9979634284973145,1
3008,0.999144434928894,0.9978601932525635,1
3009,0.999144434928894,0.9978601932525635,1
3010,0.999144434928894,0.9978601932525635,1
3011,0.999144434928894,0.9978601932525635,1
3012,0.999144434928894,0.9978601932525635,1
3013,0.999144434928894,0.9978601932525635,1
3014,0.999144434928894,0.9978601932525635,1
3015,0.999144434928894,0.9978601932525635,1
3016,0.999144434928894,0.9978601932525635,1
3017,0.999144434928894,0.9978601932525635,1
3018,0.999144434928894,0.9978601932525635,1
3019,0.999144434928894,0.9978601932525635,1
3020,0.999144434928894,0.9978601932525635,1
3021,0.999144434928894,0.9978601932525635,1
3022,0.999144434928894,0.9978601932525635,1
3023,0.999144434928894,0.9978601932525635,1
3024,0.9990118741989136,0.9977453947067261,1
3025,0.9990118741989136,0.9977453947067261,1
3026,0.9990118741989136,0.9977453947067261,1
3027,0.9990118741989136,0.9977453947067261,1
3028,0.9990118741989136,0.9977453947067261,1
3029,0.9990118741989136,0.9977453947067261,1
3030,0.9990118741989136,0.9977453947067261,1
3031,0.9990118741989136,0.9977453947067261,1
3032,0.9990118741989136,0.9977453947067261,1
3033,0.9990118741989136,0.9977453947067261,1
3034,0.9990118741989136,0.9977453947067261,1
3035,0.9990118741989136,0.9977453947067261,1
3036,0.9990118741989136,0.9977453947067261,1
3037,0.9990118741989136,0.9977453947067261,1
3038,0.9990118741989136,0.9977453947067261,1
3039,0.9990118741989136,0.9977453947067261,1
3040,0.9988917708396912,0.9976186752319336,1
3041,0.9988917708396912,0.9976186752319336,1
3042,0.9988917708396912,0.9976186752319336,1
3043,0.9988917708396912,0.9976186752319336,1
3044,0.9988917708396912,0.9976186752319336,1
3045,0.9988917708396912,0.9976186752319336,1
3046,0.9988917708396912,0.9976186752319336,1
3047,0.9988917708396912,0.9976186752319336,1
3048,0.9988917708396912,0.9976186752319336,1
3049,0.9988917708396912,0.9976186752319336,1
3050,0.9988917708396912,0.9976186752319336,1
3051,0.9988917708396912,0.9976186752319336,1
3052,0.9988917708396912,0.9976186752319336,1
3053,0.9988917708396912,0.9976186752319336,1
3054,0.9988917708396912,0.9976186752319336,1
3055,0.9988917708396912,0.9976186752319336,1
3056,0.9988353848457336,0.9975012540817261,1
3057,0.9988353848457336,0.9975012540817261,1
3058,0.9988353848457336,0.9975012540817261,1
3059,0.9988353848457336,0.9975012540817261,1
3060,0.9988353848457336,0.9975012540817261,0
3061,0.9988353848457336,0.9975012540817261,0
3062,0.9988353848457336,0.9975012540817261,0
3063,0.9988353848457336,0.9975012540817261,0
3064,0.9988353848457336,0.9975012540817261,0
3065,0.9988353848457336,0.9975012540817261,0
3066,0.9988353848457336,0.9975012540817261,0
3067,0.9988353848457336,0.9975012540817261,0
3068,0.9988353848457336,0.9975012540817261,0
3069,0.9988353848457336,0.9975012540817261,0
3070,0.9988353848457336,0.9975012540817261,0
3071,0.9988353848457336,0.9975012540817261,0
3072,0.9988176226615906,0.9975875616073608,0
3073,0.9988176226615906,0.9975875616073608,0
3074,0.9988176226615906,0.9975875616073608,0
3075,0.9988176226615906,0.9975875616073608,0
3076,0.9988176226615906,0.9975875616073608,0
3077,0.9988176226615906,0.9975875616073608,0
3078,0.9988176226615906,0.9975875616073608,0
3079,0.9988176226615906,0.9975875616073608,0
3080,0.9988176226615906,0.9975875616073608,0
3081,0.9988176226615906,0.9975875616073608,0
3082,0.9988176226615906,0.9975875616073608,0
3083,0.9988176226615906,0.9975875616073608,0
3084,0.9988176226615906,0.9975875616073608,0
3085,0.9988176226615906,0.9975875616073608,0
3086,0.9988176226615906,0.9975875616073608,0
3087,0.9988176226615906,0.9975875616073608,0
3088,0.998764157295227,0.997502863407135,0
3089,0.998764157295227,0.997502863407135,0
3090,0.998764157295227,0.997502863407135,0
3091,0.998764157295227,0.997502863407135,0
3092,0.998764157295227,0.997502863407135,0
3093,0.998764157295227,0.997502863407135,0
3094,0.998764157295227,0.997502863407135,0
3095,0.998764157295227,0.997502863407135,0
3096,0.998764157295227,0.997502863407135,0
3097,0.998764157295227,0.997502863407135,0
3098,0.998764157295227,0.997502863407135,0
3099,0.998764157295227,0.997502863407135,0
3100,0.998764157295227,0.997502863407135,0
3101,0.998764157295227,0.997502863407135,0
3102,0.998764157295227,0.997502863407135,0
3103,0.998764157295227,0.997502863407135,0
3104,0.9990234375,0.9977567791938782,0
3105,0.9990234375,0.9977567791938782,0
3106,0.9990234375,0.9977567791938782,0
3107,0.9990234375,0.9977567791938782,0
3108,0.9990234375,0.9977567791938782,0
3109,0.9990234375,0.9977567791938782,0
3110,0.9990234375,0.9977567791938782,0
3111,0.9990234375,0.9977567791938782,0
3112,0.9990234375,0.9977567791938782,0
3113,0.9990234375,0.9977567791938782,0
3114,0.9990234375,0.9977567791938782,0
3115,0.9990234375,0.9977567791938782,0
3116,0.9990234375,0.9977567791938782,0
3117,0.9990234375,0.9977567791938782,0
3118,0.9990234375,0.9977567791938782,0
3119,0.9990234375,0.9977567791938782,0
3120,0.9991393089294434,0.9978902339935303,0
3121,0.9991393089294434,0.9978902339935303,0
3122,0.9991393089294434,0.9978902339935303,0
3123,0.9991393089294434,0.9978902339935303,0
3124,0.9991393089294434,0.9978902339935303,0
3125,0.9991393089294434,0.9978902339935303,0
3126,0.9991393089294434,0.9978902339935303,0
3127,0.9991393089294434,0.9978902339935303,0
3128,0.9991393089294434,0.9978902339935303,0
3129,0.9991393089294434,0.9978902339935303,0
3130,0.9991393089294434,0.9978902339935303,0
3131,0.9991393089294434,0.9978902339935303,0
3132,0.9991393089294434,0.9978902339935303,0
3133,0.9991393089294434,0.9978902339935303,0
3134,0.9991393089294434,0.9978902339935303,0
3135,0.9991393089294434,0.9978902339935303,0
3136,0.9994193315505981,0.9981555938720703,0
3137,0.9994193315505981,0.9981555938720703,0
3138,0.9994193315505981,0.9981555938720703,0
3139,0.9994193315505981,0.9981555938720703,0
3140,0.9994193315505981,0.9981555938720703,0
3141,0.9994193315505981,0.9981555938720703,0
3142,0.9994193315505981,0.9981555938720703,0
3143,0.9994193315505981,0.9981555938720703,0
3144,0.9994193315505981,0.9981555938720703,0
3145,0.9994193315505981,0.9981555938720703,0
3146,0.9994193315505981,0.9981555938720703,0
3147,0.9994193315505981,0.9981555938720703,0
3148,0.9994193315505981,0.9981555938720703,0
3149,0.9994193315505981,0.9981555938720703,0
3150,0.9994193315505981,0.9981555938720703,0
3151,0.9994193315505981,0.9981555938720703,0
3152,0.9995580315589905,0.9984158873558044,0
3153,0.9995580315589905,0.9984158873558044,0
3154,0.9995580315589905,0.9984158873558044,0
3155,0.9995580315589905,0.9984158873558044,0
3156,0.9995580315589905,0.9984158873558044,0
3157,0.9995580315589905,0.9984158873558044,0
3158,0.9995580315589905,0.9984158873558044,0
3159,0.9995580315589905,0.9984158873558044,0
3160,0.9995580315589905,0.9984158873558044,0
3161,0.9995580315589905,0.9984158873558044,0
3162,0.9995580315589905,0.9984158873558044,0
3163,0.9995580315589905,0.9984158873558044,0
3164,0.9995580315589905,0.9984158873558044,0
3165,0.9995580315589905,0.9984158873558044,0
3166,0.9995580315589905,0.9984158873558044,0
3167,0.9995580315589905,0.9984158873558044,1
3168,0.9996482133865356,0.9985471963882446,1
3169,0.9996482133865356,0.9985471963882446,1
3170,0.9996482133865356,0.9985471963882446,1
3171,0.9996482133865356,0.9985471963882446,1
3172,0.9996482133865356,0.9985471963882446,1
3173,0.9996482133865356,0.9985471963882446,1
3174,0.9996482133865356,0.9985471963882446,1
3175,0.9996482133865356,0.9985471963882446,1
3176,0.9996482133865356,0.9985471963882446,1
3177,0.9996482133865356,0.9985471963882446,1
3178,0.9996482133865356,0.9985471963882446,1
3179,0.9996482133865356,0.9985471963882446,1
3180,0.9996482133865356,0.9985471963882446,1
3181,0.9996482133865356,0.9985471963882446,1
3182,0.9996482133865356,0.9985471963882446,1
3183,0.9996482133865356,0.9985471963882446,1
3184,0.99974125623703,0.9987459778785706,1
3185,0.99974125623703,0.9987459778785706,1
3186,0.99974125623703,0.9987459778785706,1
3187,0.99974125623703,0.9987459778785706,1
3188,0.99974125623703,0.9987459778785706,1
3189,0.99974125623703,0.9987459778785706,1
3190,0.99974125623703,0.9987459778785706,1
3191,0.99974125623703,0.9987459778785706,1
3192,0.99974125623703,0.9987459778785706,1
3193,0.99974125623703,0.9987459778785706,1
3194,0.99974125623703,0.9987459778785706,1
3195,0.99974125623703,0.9987459778785706,1
3196,0.99974125623703,0.9987459778785706,1
3197,0.99974125623703,0.9987459778785706,1
3198,0.99974125623703,0.9987459778785706,1
3199,0.99974125623703,0.9987459778785706,1
3200,0.9998090863227844,0.9988818168640137,1
3201,0.9998090863227844,0.9988818168640137,1
3202,0.9998090863227844,0.9988818168640137,1
3203,0.9998090863227844,0.9988818168640137,1
3204,0.9998090863227844,0.9988818168640137,1
3205,0.9998090863227844,0.9988818168640137,1
3206,0.9998090863227844,0.9988818168640137,1
3207,0.9998090863227844,0.9988818168640137,1
3208,0.9998090863227844,0.9988818168640137,1
3209,0.9998090863227844,0.9988818168640137,1
3210,0.9998090863227844,0.9988818168640137,1
3211,0.9998090863227844,0.9988818168640137,1
3212,0.9998090863227844,0.9988818168640137,1
3213,0.9998090863227844,0.9988818168640137,1
3214,0.9998090863227844,0.9988818168640137,1
3215,0.9998090863227844,0.9988818168640137,1
3216,0.9998741149902344,0.9989868402481079,1
3217,0.9998741149902344,0.9989868402481079,1
3218,0.9998741149902344,0.9989868402481079,1
3219,0.9998741149902344,0.9989868402481079,1
3220,0.9998741149902344,0.9989868402481079,1
3221,0.9998741149902344,0.9989868402481079,1
3222,0.9998741149902344,0.9989868402481079,1
3223,0.9998741149902344,0.9989868402481079,1
3224,0.9998741149902344,0.9989868402481079,1
3225,0.9998741149902344,0.9989868402481079,1
3226,0.9998741149902344,0.9989868402481079,1
3227,0.9998741149902344,0.9989868402481079,1
3228,0.9998741149902344,0.9989868402481079,1
3229,0.9998741149902344,0.9989868402481079,1
3230,0.9998741149902344,0.9989868402481079,1
3231,0.9998741149902344,0.9989868402481079,1
3232,0.9999134540557861,0.9990686178207397,1
3233,0.9999134540557861,0.9990686178207397,1
3234,0.9999134540557861,0.9990686178207397,1
3235,0.9999134540557861,0.9990686178207397,1
3236,0.9999134540557861,0.9990686178207397,1
3237,0.9999134540557861,0.9990686178207397,1
3238,0.9999134540557861,0.9990686178207397,1
3239,0.9999134540557861,0.9990686178207397,1
3240,0.9999134540557861,0.9990686178207397,1
3241,0.9999134540557861,0.9990686178207397,1
3242,0.9999134540557861,0.9990686178207397,1
3243,0.9999134540557861,0.9990686178207397,1
3244,0.9999134540557861,0.9990686178207397,1
3245,0.9999134540557861,0.9990686178207397,1
3246,0.9999134540557861,0.9990686178207397,1
3247,0.9999134540557861,0.9990686178207397,1
3248,0.9999351501464844,0.999091386795044,1
3249,0.9999351501464844,0.999091386795044,1
3250,0.9999351501464844,0.999091386795044,1
3251,0.9999351501464844,0.999091386795044,1
3252,0.9999351501464844,0.999091386795044,1
3253,0.9999351501464844,0.999091386795044,1
3254,0.9999351501464844,0.999091386795044,1
3255,0.9999351501464844,0.999091386795044,1
3256,0.9999351501464844,0.999091386795044,1
3257,0.9999351501464844,0.999091386795044,1
3258,0.9999351501464844,0.999091386795044,1
3259,0.9999351501464844,0.999091386795044,1
3260,0.9999351501464844,0.999091386795044,1
3261,0.9999351501464844,0.999091386795044,1
3262,0.9999351501464844,0.999091386795044,1
3263,0.9999351501464844,0.999091386795044,1
3264,0.9999457597732544,0.9991369843482971,1
3265,0.9999457597732544,0.9991369843482971,1
3266,0.9999457597732544,0.9991369843482971,1
3267,0.9999457597732544,0.9991369843482971,1
3268,0.9999457597732544,0.9991369843482971,1
3269,0.9999457597732544,0.9991369843482971,1
3270,0.9999457597732544,0.9991369843482971,1
3271,0.9999457597732544,0.9991369843482971,1
3272,0.9999457597732544,0.9991369843482971,1
3273,0.9999457597732544,0.9991369843482971,1
3274,0.9999457597732544,0.9991369843482971,1
3275,0.9999457597732544,0.9991369843482971,1
3276,0.9999457597732544,0.9991369843482971,1
3277,0.9999457597732544,0.9991369843482971,1
3278,0.9999457597732544,0.9991369843482971,1
3279,0.9999457597732544,0.9991369843482971,1
3280,0.9999474287033081,0.9991058707237244,1
3281,0.9999474287033081,0.9991058707237244,1
3282,0.9999474287033081,0.9991058707237244,1
3283,0.9999474287033081,0.9991058707237244,1
3284,0.9999474287033081,0.9991058707237244,1
3285,0.9999474287033081,0.9991058707237244,1
3286,0.9999474287033081,0.9991058707237244,1
3287,0.9999474287033081,0.9991058707237244,1
3288,0.9999474287033081,0.9991058707237244,1
3289,0.9999474287033081,0.9991058707237244,1
3290,0.9999474287033081,0.9991058707237244,1
3291,0.9999474287033081,0.9991058707237244,1
3292,0.9999474287033081,0.9991058707237244,1
3293,0.9999474287033081,0.9991058707237244,1
3294,0.9999474287033081,0.9991058707237244,1
3295,0.9999474287033081,0.9991058707237244,1
3296,0.9999479055404663,0.999079167842865,1
3297,0.9999479055404663,0.999079167842865,1
3298,0.9999479055404663,0.999079167842865,1
3299,0.9999479055404663,0.999079167842865,1
3300,0.9999479055404663,0.999079167842865,1
3301,0.9999479055404663,0.999079167842865,1
3302,0.9999479055404663,0.999079167842865,1
3303,0.9999479055404663,0.999079167842865,1
3304,0.9999479055404663,0.999079167842865,1
3305,0.9999479055404663,0.999079167842865,1
3306,0.9999479055404663,0.999079167842865,1
3307,0.9999479055404663,0.999079167842865,1
3308,0.9999479055404663,0.999079167842865,1
3309,0.9999479055404663,0.999079167842865,1
3310,0.9999479055404663,0.999079167842865,1
3311,0.9999479055404663,0.999079167842865,1
3312,0.9999411106109619,0.9989969730377197,1
3313,0.9999411106109619,0.9989969730377197,1
3314,0.9999411106109619,0.9989969730377197,1
3315,0.9999411106109619,0.9989969730377197,1
3316,0.9999411106109619,0.9989969730377197,1
3317,0.9999411106109619,0.9989969730377197,1
3318,0.9999411106109619,0.9989969730377197,1
3319,0.9999411106109619,0.9989969730377197,1
3320,0.9999411106109619,0.9989969730377197,1
3321,0.9999411106109619,0.9989969730377197,1
3322,0.9999411106109619,0.9989969730377197,1
3323,0.9999411106109619,0.9989969730377197,1
3324,0.9999411106109619,0.9989969730377197,1
3325,0.9999411106109619,0.9989969730377197,1
3326,0.9999411106109619,0.9989969730377197,1
3327,0.9999411106109619,0.9989969730377197,1
3328,0.999923825263977,0.9988992810249329,1
3329,0.999923825263977,0.9988992810249329,1
3330,0.999923825263977,0.9988992810249329,1
3331,0.999923825263977,0.9988992810249329,1
3332,0.999923825263977,0.9988992810249329,1
3333,0.999923825263977,0.9988992810249329,1
3334,0.999923825263977,0.9988992810249329,1
3335,0.999923825263977,0.9988992810249329,1
3336,0.999923825263977,0.9988992810249329,1
3337,0.999923825263977,0.9988992810249329,1
3338,0.999923825263977,0.9988992810249329,1
3339,0.999923825263977,0.9988992810249329,1
3340,0.999923825263977,0.9988992810249329,1
3341,0.999923825263977,0.9988992810249329,1
3342,0.999923825263977,0.9988992810249329,1
3343,0.999923825263977,0.9988992810249329,1
3344,0.9998993873596191,0.9988086819648743,1
3345,0.9998993873596191,0.9988086819648743,1
3346,0.9998993873596191,0.9988086819648743,1
3347,0.9998993873596191,0.9988086819648743,1
3348,0.9998993873596191,0.9988086819648743,1
3349,0.9998993873596191,0.9988086819648743,1
3350,0.9998993873596191,0.9988086819648743,1
3351,0.9998993873596191,0.9988086819648743,1
3352,0.9998993873596191,0.9988086819648743,1
3353,0.9998993873596191,0.9988086819648743,1
3354,0.9998993873596191,0.9988086819648743,1
3355,0.9998993873596191,0.9988086819648743,1
3356,0.9998993873596191,0.9988086819648743,1
3357,0.9998993873596191,0.9988086819648743,1
3358,0.9998993873596191,0.9988086819648743,1
3359,0.9998993873596191,0.9988086819648743,1
3360,0.9998706579208374,0.9986550807952881,1
3361,0.9998706579208374,0.9986550807952881,1
3362,0.9998706579208374,0.9986550807952881,1
3363,0.9998706579208374,0.9986550807952881,1
3364,0.9998706579208374,0.9986550807952881,1
3365,0.9998706579208374,0.9986550807952881,1
3366,0.9998706579208374,0.9986550807952881,1
3367,0.9998706579208374,0.9986550807952881,1
3368,0.9998706579208374,0.9986550807952881,1
3369,0.9998706579208374,0.9986550807952881,1
3370,0.9998706579208374,0.9986550807952881,1
3371,0.9998706579208374,0.9986550807952881,1
3372,0.9998706579208374,0.9986550807952881,1
3373,0.9998706579208374,0.9986550807952881,1
3374,0.9998706579208374,0.9986550807952881,1
3375,0.9998706579208374,0.9986550807952881,1
3376,0.9998390674591064,0.9985533952713013,1
3377,0.9998390674591064,0.9985533952713013,1
3378,0.9998390674591064,0.9985533952713013,1
3379,0.9998390674591064,0.9985533952713013,1
3380,0.9998390674591064,0.9985533952713013,1
3381,0.9998390674591064,0.9985533952713013,1
3382,0.9998390674591064,0.9985533952713013,1
3383,0.9998390674591064,0.9985533952713013,1
3384,0.9998390674591064,0.9985533952713013,1
3385,0.9998390674591064,0.9985533952713013,1
3386,0.9998390674591064,0.9985533952713013,1
3387,0.9998390674591064,0.9985533952713013,1
3388,0.9998390674591064,0.9985533952713013,1
3389,0.9998390674591064,0.9985533952713013,1
3390,0.9998390674591064,0.9985533952713013,1
3391,0.9998390674591064,0.9985533952713013,1
3392,0.9998067021369934,0.998473584651947,1
3393,0.9998067021369934,0.998473584651947,1
3394,0.9998067021369934,0.998473584651947,1
3395,0.9998067021369934,0.998473584651947,1
3396,0.9998067021369934,0.998473584651947,1
3397,0.9998067021369934,0.998473584651947,1
3398,0.9998067021369934,0.998473584651947,1
3399,0.9998067021369934,0.998473584651947,1
3400,0.9998067021369934,0.998473584651947,1
3401,0.9998067021369934,0.998473584651947,1
3402,0.9998067021369934,0.998473584651947,1
3403,0.9998067021369934,0.998473584651947,1
3404,0.9998067021369934,0.998473584651947,1
3405,0.9998067021369934,0.998473584651947,1
3406,0.9998067021369934,0.998473584651947,1
3407,0.9998067021369934,0.998473584651947,1
3408,0.9997779726982117,0.998465895652771,1
3409,0.9997779726982117,0.998465895652771,1
3410,0.9997779726982117,0.998465895652771,1
3411,0.9997779726982117,0.998465895652771,1
3412,0.9997779726982117,0.998465895652771,1
3413,0.9997779726982117,0.998465895652771,1
3414,0.9997779726982117,0.998465895652771,1
3415,0.9997779726982117,0.998465895652771,1
3416,0.9997779726982117,0.998465895652771,1
3417,0.9997779726982117,0.998465895652771,1
3418,0.9997779726982117,0.998465895652771,1
3419,0.9997779726982117,0.998465895652771,1
3420,0.9997779726982117,0.998465895652771,1
3421,0.9997779726982117,0.998465895652771,1
3422,0.9997779726982117,0.998465895652771,1
3423,0.9997779726982117,0.998465895652771,1
3424,0.999727189540863,0.9984700679779053,1
3425,0.999727189540863,0.9984700679779053,1
3426,0.999727189540863,0.9984700679779053,1
3427,0.999727189540863,0.9984700679779053,1
3428,0.999727189540863,0.9984700679779053,1
3429,0.999727189540863,0.9984700679779053,1
3430,0.999727189540863,0.9984700679779053,1
3431,0.999727189540863,0.9984700679779053,1
3432,0.999727189540863,0.9984700679779053,1
3433,0.999727189540863,0.9984700679779053,1
3434,0.999727189540863,0.9984700679779053,1
3435,0.999727189540863,0.9984700679779053,1
3436,0.999727189540863,0.9984700679779053,1
3437,0.999727189540863,0.9984700679779053,1
3438,0.999727189540863,0.9984700679779053,1
3439,0.999727189540863,0.9984700679779053,1
3440,0.9997017979621887,0.9985455870628357,1
3441,0.9997017979621887,0.9985455870628357,1
3442,0.9997017979621887,0.9985455870628357,1
3443,0.9997017979621887,0.9985455870628357,1
3444,0.9997017979621887,0.9985455870628357,1
3445,0.9997017979621887,0.9985455870628357,1
3446,0.9997017979621887,0.9985455870628357,1
3447,0.9997017979621887,0.9985455870628357,1
3448,0.9997017979621887,0.9985455870628357,1
3449,0.9997017979621887,0.9985455870628357,1
3450,0.9997017979621887,0.9985455870628357,1
3451,0.9997017979621887,0.9985455870628357,1
3452,0.9997017979621887,0.9985455870628357,1
3453,0.9997017979621887,0.9985455870628357,1
3454,0.9997017979621887,0.9985455870628357,1
3455,0.9997017979621887,0.9985455870628357,1
3456,0.999640941619873,0.9985790848731995,1
3457,0.999640941619873,0.9985790848731995,1
3458,0.999640941619873,0.9985790848731995,1
3459,0.999640941619873,0.9985790848731995,1
3460,0.999640941619873,0.9985790848731995,1
3461,0.999640941619873,0.9985790848731995,1
3462,0.999640941619873,0.9985790848731995,1
3463,0.999640941619873,0.9985790848731995,1
3464,0.999640941619873,0.9985790848731995,1
3465,0.999640941619873,0.9985790848731995,1
3466,0.999640941619873,0.9985790848731995,1
3467,0.999640941619873,0.9985790848731995,1
3468,0.999640941619873,0.9985790848731995,1
3469,0.999640941619873,0.9985790848731995,1
3470,0.999640941619873,0.9985790848731995,1
3471,0.999640941619873,0.9985790848731995,1
3472,0.9995899796485901,0.9986575245857239,1
3473,0.9995899796485901,0.9986575245857239,1
3474,0.9995899796485901,0.9986575245857239,1
3475,0.9995899796485901,0.9986575245857239,1
3476,0.9995899796485901,0.9986575245857239,1
3477,0.9995899796485901,0.9986575245857239,1
3478,0.9995899796485901,0.9986575245857239,1
3479,0.9995899796485901,0.9986575245857239,1
3480,0.9995899796485901,0.9986575245857239,1
3481,0.9995899796485901,0.9986575245857239,1
3482,0.9995899796485901,0.9986575245857239,1
3483,0.9995899796485901,0.9986575245857239,1
3484,0.9995899796485901,0.9986575245857239,1
3485,0.9995899796485901,0.9986575245857239,1
3486,0.9995899796485901,0.9986575245857239,1
3487,0.9995899796485901,0.9986575245857239,1
3488,0.9994792342185974,0.9986368417739868,1
3489,0.9994792342185974,0.9986368417739868,1
3490,0.9994792342185974,0.9986368417739868,1
3491,0.9994792342185974,0.9986368417739868,1
3492,0.9994792342185974,0.9986368417739868,1
3493,0.9994792342185974,0.9986368417739868,1
3494,0.9994792342185974,0.9986368417739868,1
3495,0.9994792342185974,0.9986368417739868,1
3496,0.9994792342185974,0.9986368417739868,1
3497,0.9994792342185974,0.9986368417739868,1
3498,0.9994792342185974,0.9986368417739868,1
3499,0.9994792342185974,0.9986368417739868,1
3500,0.9994792342185974,0.9986368417739868,1
3501,0.9994792342185974,0.9986368417739868,1
3502,0.9994792342185974,0.9986368417739868,1
3503,0.9994792342185974,0.9986368417739868,1
3504,0.9994076490402222,0.9986873269081116,1
3505,0.9994076490402222,0.9986873269081116,1
3506,0.9994076490402222,0.9986873269081116,1
3507,0.9994076490402222,0.9986873269081116,1
3508,0.9994076490402222,0.9986873269081116,1
3509,0.9994076490402222,0.9986873269081116,1
3510,0.9994076490402222,0.9986873269081116,1
3511,0.9994076490402222,0.9986873269081116,1
3512,0.9994076490402222,0.9986873269081116,1
3513,0.9994076490402222,0.9986873269081116,1
3514,0.9994076490402222,0.9986873269081116,1
3515,0.9994076490402222,0.9986873269081116,1
3516,0.9994076490402222,0.9986873269081116,1
3517,0.9994076490402222,0.9986873269081116,1
3518,0.9994076490402222,0.9986873269081116,1
3519,0.9994076490402222,0.9986873269081116,1
3520,0.999204695224762,0.9986714720726013,1
3521,0.999204695224762,0.9986714720726013,1
3522,0.999204695224762,0.9986714720726013,1
3523,0.999204695224762,0.9986714720726013,1
3524,0.999204695224762,0.9986714720726013,1
3525,0.999204695224762,0.9986714720726013,1
3526,0.999204695224762,0.9986714720726013,1
3527,0.999204695224762,0.9986714720726013,1
3528,0.999204695224762,0.9986714720726013,1
3529,0.999204695224762,0.9986714720726013,1
3530,0.999204695224762,0.9986714720726013,1
3531,0.999204695224762,0.9986714720726013,1
3532,0.999204695224762,0.9986714720726013,1
3533,0.999204695224762,0.9986714720726013,1
3534,0.999204695224762,0.9986714720726013,1
3535,0.999204695224762,0.9986714720726013,1
3536,0.9990496039390564,0.9986396431922913,1
3537,0.9990496039390564,0.9986396431922913,1
3538,0.9990496039390564,0.9986396431922913,1
3539,0.9990496039390564,0.9986396431922913,1
3540,0.9990496039390564,0.9986396431922913,1
3541,0.9990496039390564,0.9986396431922913,1
3542,0.9990496039390564,0.9986396431922913,1
3543,0.9990496039390564,0.9986396431922913,1
3544,0.9990496039390564,0.9986396431922913,1
3545,0.9990496039390564,0.9986396431922913,1
3546,0.9990496039390564,0.9986396431922913,1
3547,0.9990496039390564,0.9986396431922913,1
3548,0.9990496039390564,0.9986396431922913,1
3549,0.9990496039390564,0.9986396431922913,1
3550,0.9990496039390564,0.9986396431922913,1
3551,0.9990496039390564,0.9986396431922913,1
3552,0.9988574981689453,0.9985827207565308,1
3553,0.9988574981689453,0.9985827207565308,1
3554,0.9988574981689453,0.9985827207565308,1
3555,0.9988574981689453,0.9985827207565308,1
3556,0.9988574981689453,0.9985827207565308,1
3557,0.9988574981689453,0.9985827207565308,1
3558,0.9988574981689453,0.9985827207565308,1
3559,0.9988574981689453,0.9985827207565308,1
3560,0.9988574981689453,0.9985827207565308,1
3561,0.9988574981689453,0.9985827207565308,1
3562,0.9988574981689453,0.9985827207565308,1
3563,0.9988574981689453,0.9985827207565308,1
3564,0.9988574981689453,0.9985827207565308,1
3565,0.9988574981689453,0.9985827207565308,1
3566,0.9988574981689453,0.9985827207565308,1
3567,0.9988574981689453,0.9985827207565308,1
3568,0.998491644859314,0.9984279274940491,1
3569,0.998491644859314,0.9984279274940491,1
3570,0.998491644859314,0.9984279274940491,1
3571,0.998491644859314,0.9984279274940491,1
3572,0.998491644859314,0.9984279274940491,1
3573,0.998491644859314,0.9984279274940491,1
3574,0.998491644859314,0.9984279274940491,1
3575,0.998491644859314,0.9984279274940491,1
3576,0.998491644859314,0.9984279274940491,1
3577,0.998491644859314,0.9984279274940491,1
3578,0.998491644859314,0.9984279274940491,1
3579,0.998491644859314,0.9984279274940491,1
3580,0.998491644859314,0.9984279274940491,1
3581,0.998491644859314,0.9984279274940491,1
3582,0.998491644859314,0.9984279274940491,1
3583,0.998491644859314,0.9984279274940491,1
3584,0.9981649518013,0.9982830882072449,1
3585,0.9981649518013,0.9982830882072449,1
3586,0.9981649518013,0.9982830882072449,1
3587,0.9981649518013,0.9982830882072449,1
3588,0.9981649518013,0.9982830882072449,1
3589,0.9981649518013,0.9982830882072449,1
3590,0.9981649518013,0.9982830882072449,1
3591,0.9981649518013,0.9982830882072449,1
3592,0.9981649518013,0.9982830882072449,1
3593,0.9981649518013,0.9982830882072449,1
3594,0.9981649518013,0.9982830882072449,1
3595,0.9981649518013,0.9982830882072449,1
3596,0.9981649518013,0.9982830882072449,1
3597,0.9981649518013,0.9982830882072449,1
3598,0.9981649518013,0.9982830882072449,1
3599,0.9981649518013,0.9982830882072449,1
3600,0.9977810978889465,0.9980313777923584,1
3601,0.9977810978889465,0.9980313777923584,1
3602,0.9977810978889465,0.9980313777923584,1
3603,0.9977810978889465,0.9980313777923584,1
3604,0.9977810978889465,0.9980313777923584,1
3605,0.9977810978889465,0.9980313777923584,1
3606,0.9977810978889465,0.9980313777923584,1
3607,0.9977810978889465,0.9980313777923584,1
3608,0.9977810978889465,0.9980313777923584,1
3609,0.9977810978889465,0.9980313777923584,1
3610,0.9977810978889465,0.9980313777923584,1
3611,0.9977810978889465,0.9980313777923584,1
3612,0.9977810978889465,0.9980313777923584,1
3613,0.9977810978889465,0.9980313777923584,1
3614,0.9977810978889465,0.9980313777923584,1
3615,0.9977810978889465,0.9980313777923584,1
3616,0.9973823428153992,0.9978721141815186,1
3617,0.9973823428153992,0.9978721141815186,1
3618,0.9973823428153992,0.9978721141815186,1
3619,0.9973823428153992,0.9978721141815186,1
3620,0.9973823428153992,0.9978721141815186,1
3621,0.9973823428153992,0.9978721141815186,1
3622,0.9973823428153992,0.9978721141815186,1
3623,0.9973823428153992,0.9978721141815186,1
3624,0.9973823428153992,0.9978721141815186,1
3625,0.9973823428153992,0.9978721141815186,1
3626,0.9973823428153992,0.9978721141815186,1
3627,0.9973823428153992,0.9978721141815186,1
3628,0.9973823428153992,0.9978721141815186,1
3629,0.9973823428153992,0.9978721141815186,1
3630,0.9973823428153992,0.9978721141815186,1
3631,0.9973823428153992,0.9978721141815186,1
3632,0.9966726303100586,0.9974942803382874,1
3633,0.9966726303100586,0.9974942803382874,1
3634,0.9966726303100586,0.9974942803382874,1
3635,0.9966726303100586,0.9974942803382874,1
3636,0.9966726303100586,0.9974942803382874,1
3637,0.9966726303100586,0.9974942803382874,1
3638,0.9966726303100586,0.9974942803382874,1
3639,0.9966726303100586,0.9974942803382874,1
3640,0.9966726303100586,0.9974942803382874,1
3641,0.9966726303100586,0.9974942803382874,1
3642,0.9966726303100586,0.9974942803382874,1
3643,0.9966726303100586,0.9974942803382874,1
3644,0.9966726303100586,0.9974942803382874,1
3645,0.9966726303100586,0.9974942803382874,1
3646,0.9966726303100586,0.9974942803382874,1
3647,0.9966726303100586,0.9974942803382874,1
3648,0.9965583682060242,0.9974304437637329,1
3649,0.9965583682060242,0.9974304437637329,1
3650,0.9965583682060242,0.9974304437637329,1
3651,0.9965583682060242,0.9974304437637329,1
3652,0.9965583682060242,0.9974304437637329,1
3653,0.9965583682060242,0.9974304437637329,1
3654,0.9965583682060242,0.9974304437637329,1
3655,0.9965583682060242,0.9974304437637329,1
3656,0.9965583682060242,0.9974304437637329,1
3657,0.9965583682060242,0.9974304437637329,1
3658,0.9965583682060242,0.9974304437637329,1
3659,0.9965583682060242,0.9974304437637329,1
3660,0.9965583682060242,0.9974304437637329,1
3661,0.9965583682060242,0.9974304437637329,1
3662,0.9965583682060242,0.9974304437637329,1
3663,0.9965583682060242,0.9974304437637329,1
3664,0.9960655570030212,0.9973733425140381,1
3665,0.9960655570030212,0.9973733425140381,1
3666,0.9960655570030212,0.9973733425140381,1
3667,0.9960655570030212,0.9973733425140381,1
3668,0.9960655570030212,0.9973733425140381,1
3669,0.9960655570030212,0.9973733425140381,1
3670,0.9960655570030212,0.9973733425140381,1
3671,0.9960655570030212,0.9973733425140381,1
3672,0.9960655570030212,0.9973733425140381,1
3673,0.9960655570030212,0.9973733425140381,1
3674,0.9960655570030212,0.9973733425140381,1
3675,0.9960655570030212,0.9973733425140381,1
3676,0.9960655570030212,0.9973733425140381,1
3677,0.9960655570030212,0.9973733425140381,1
3678,0.9960655570030212,0.9973733425140381,1
3679,0.9960655570030212,0.9973733425140381,1
3680,0.9959608912467957,0.9976359009742737,1
3681,0.9959608912467957,0.9976359009742737,1
3682,0.9959608912467957,0.9976359009742737,1
3683,0.9959608912467957,0.9976359009742737,1
3684,0.9959608912467957,0.9976359009742737,1
3685,0.9959608912467957,0.9976359009742737,1
3686,0.9959608912467957,0.9976359009742737,1
3687,0.9959608912467957,0.9976359009742737,1
3688,0.9959608912467957,0.9976359009742737,1
3689,0.9959608912467957,0.9976359009742737,1
3690,0.9959608912467957,0.9976359009742737,1
3691,0.9959608912467957,0.9976359009742737,1
3692,0.9959608912467957,0.9976359009742737,1
3693,0.9959608912467957,0.9976359009742737,1
3694,0.9959608912467957,0.9976359009742737,1
3695,0.9959608912467957,0.9976359009742737,1
3696,0.9961181879043579,0.9979618191719055,1
3697,0.9961181879043579,0.9979618191719055,1
3698,0.9961181879043579,0.9979618191719055,1
3699,0.9961181879043579,0.9979618191719055,1
3700,0.9961181879043579,0.9979618191719055,1
3701,0.9961181879043579,0.9979618191719055,1
3702,0.9961181879043579,0.9979618191719055,1
3703,0.9961181879043579,0.9979618191719055,1
3704,0.9961181879043579,0.9979618191719055,1
3705,0.9961181879043579,0.9979618191719055,1
3706,0.9961181879043579,0.9979618191719055,1
3707,0.9961181879043579,0.9979618191719055,1
3708,0.9961181879043579,0.9979618191719055,1
3709,0.9961181879043579,0.9979618191719055,1
3710,0.9961181879043579,0.9979618191719055,1
3711,0.9961181879043579,0.9979618191719055,1
3712,0.9963055849075317,0.9982782006263733,1
3713,0.9963055849075317,0.9982782006263733,1
3714,0.9963055849075317,0.9982782006263733,1
3715,0.9963055849075317,0.9982782006263733,1
3716,0.9963055849075317,0.9982782006263733,1
3717,0.9963055849075317,0.9982782006263733,1
3718,0.9963055849075317,0.9982782006263733,1
3719,0.9963055849075317,0.9982782006263733,1
3720,0.9963055849075317,0.9982782006263733,1
3721,0.9963055849075317,0.9982782006263733,1
3722,0.9963055849075317,0.9982782006263733,1
3723,0.9963055849075317,0.9982782006263733,1
3724,0.9963055849075317,0.9982782006263733,1
3725,0.9963055849075317,0.9982782006263733,1
3726,0.9963055849075317,0.9982782006263733,1
3727,0.9963055849075317,0.9982782006263733,1
3728,0.9962504506111145,0.9984927177429199,1
3729,0.9962504506111145,0.9984927177429199,1
3730,0.9962504506111145,0.9984927177429199,1
3731,0.9962504506111145,0.9984927177429199,1
3732,0.9962504506111145,0.9984927177429199,1
3733,0.9962504506111145,0.9984927177429199,1
3734,0.9962504506111145,0.9984927177429199,1
3735,0.9962504506111145,0.9984927177429199,1
3736,0.9962504506111145,0.9984927177429199,1
3737,0.9962504506111145,0.9984927177429199,1
3738,0.9962504506111145,0.9984927177429199,1
3739,0.9962504506111145,0.9984927177429199,1
3740,0.9962504506111145,0.9984927177429199,1
3741,0.9962504506111145,0.9984927177429199,1
3742,0.9962504506111145,0.9984927177429199,1
3743,0.9962504506111145,0.9984927177429199,1
3744,0.9957301020622253,0.9985859394073486,1
3745,0.9957301020622253,0.9985859394073486,1
3746,0.9957301020622253,0.9985859394073486,1
3747,0.9957301020622253,0.9985859394073486,1
3748,0.9957301020622253,0.9985859394073486,1
3749,0.9957301020622253,0.9985859394073486,1
3750,0.9957301020622253,0.9985859394073486,1
3751,0.9957301020622253,0.9985859394073486,1
3752,0.9957301020622253,0.9985859394073486,1
3753,0.9957301020622253,0.9985859394073486,1
3754,0.9957301020622253,0.9985859394073486,1
3755,0.9957301020622253,0.9985859394073486,1
3756,0.9957301020622253,0.9985859394073486,1
3757,0.9957301020622253,0.9985859394073486,1
3758,0.9957301020622253,0.9985859394073486,1
3759,0.9957301020622253,0.9985859394073486,1
3760,0.9944784641265869,0.9985352754592896,1
3761,0.9944784641265869,0.9985352754592896,1
3762,0.9944784641265869,0.9985352754592896,1
3763,0.9944784641265869,0.9985352754592896,1
3764,0.9944784641265869,0.9985352754592896,1
3765,0.9944784641265869,0.9985352754592896,1
3766,0.9944784641265869,0.9985352754592896,1
3767,0.9944784641265869,0.9985352754592896,1
3768,0.9944784641265869,0.9985352754592896,1
3769,0.9944784641265869,0.9985352754592896,1
3770,0.9944784641265869,0.9985352754592896,1
3771,0.9944784641265869,0.9985352754592896,1
3772,0.9944784641265869,0.9985352754592896,1
3773,0.9944784641265869,0.9985352754592896,1
3774,0.9944784641265869,0.9985352754592896,1
3775,0.9944784641265869,0.9985352754592896,1
3776,0.9935711622238159,0.9984828233718872,1
3777,0.9935711622238159,0.9984828233718872,1
3778,0.9935711622238159,0.9984828233718872,1
3779,0.9935711622238159,0.9984828233718872,1
3780,0.9935711622238159,0.9984828233718872,1
3781,0.9935711622238159,0.9984828233718872,1
3782,0.9935711622238159,0.9984828233718872,1
3783,0.9935711622238159,0.9984828233718872,1
3784,0.9935711622238159,0.9984828233718872,1
3785,0.9935711622238159,0.9984828233718872,1
3786,0.9935711622238159,0.9984828233718872,1
3787,0.9935711622238159,0.9984828233718872,1
3788,0.9935711622238159,0.9984828233718872,1
3789,0.9935711622238159,0.9984828233718872,1
3790,0.9935711622238159,0.9984828233718872,1
3791,0.9935711622238159,0.9984828233718872,1
3792,0.9927073121070862,0.9984704852104187,1
3793,0.9927073121070862,0.9984704852104187,1
3794,0.9927073121070862,0.9984704852104187,1
3795,0.9927073121070862,0.9984704852104187,1
3796,0.9927073121070862,0.9984704852104187,1
3797,0.9927073121070862,0.9984704852104187,1
3798,0.9927073121070862,0.9984704852104187,1
3799,0.9927073121070862,0.9984704852104187,1
3800,0.9927073121070862,0.9984704852104187,1
3801,0.9927073121070862,0.9984704852104187,1
3802,0.9927073121070862,0.9984704852104187,1
3803,0.9927073121070862,0.9984704852104187,1
3804,0.9927073121070862,0.9984704852104187,1
3805,0.9927073121070862,0.9984704852104187,1
3806,0.9927073121070862,0.9984704852104187,1
3807,0.9927073121070862,0.9984704852104187,1
3808,0.9922653436660767,0.9984673857688904,1
3809,0.9922653436660767,0.9984673857688904,1
3810,0.9922653436660767,0.9984673857688904,1
3811,0.9922653436660767,0.9984673857688904,1
3812,0.9922653436660767,0.9984673857688904,1
3813,0.9922653436660767,0.9984673857688904,1
3814,0.9922653436660767,0.9984673857688904,1
3815,0.9922653436660767,0.9984673857688904,1
3816,0.9922653436660767,0.9984673857688904,1
3817,0.9922653436660767,0.9984673857688904,1
3818,0.9922653436660767,0.9984673857688904,1
3819,0.9922653436660767,0.9984673857688904,1
3820,0.9922653436660767,0.9984673857688904,1
3821,0.9922653436660767,0.9984673857688904,1
3822,0.9922653436660767,0.9984673857688904,1
3823,0.9922653436660767,0.9984673857688904,1
3824,0.9930371642112732,0.9984791874885559,1
3825,0.9930371642112732,0.9984791874885559,1
3826,0.9930371642112732,0.9984791874885559,1
3827,0.9930371642112732,0.9984791874885559,1
3828,0.9930371642112732,0.9984791874885559,1
3829,0.9930371642112732,0.9984791874885559,1
3830,0.9930371642112732,0.9984791874885559,1
3831,0.9930371642112732,0.9984791874885559,1
3832,0.9930371642112732,0.9984791874885559,1
3833,0.9930371642112732,0.9984791874885559,1
3834,0.9930371642112732,0.9984791874885559,1
3835,0.9930371642112732,0.9984791874885559,1
3836,0.9930371642112732,0.9984791874885559,1
3837,0.9930371642112732,0.9984791874885559,1
3838,0.9930371642112732,0.9984791874885559,1
3839,0.9930371642112732,0.9984791874885559,1
3840,0.9938303828239441,0.99843430519104,1
3841,0.9938303828239441,0.99843430519104,1
3842,0.9938303828239441,0.99843430519104,1
3843,0.9938303828239441,0.99843430519104,1
3844,0.9938303828239441,0.99843430519104,1
3845,0.9938303828239441,0.99843430519104,1
3846,0.9938303828239441,0.99843430519104,1
3847,0.9938303828239441,0.99843430519104,1
3848,0.9938303828239441,0.99843430519104,1
3849,0.9938303828239441,0.99843430519104,1
3850,0.9938303828239441,0.99843430519104,1
3851,0.9938303828239441,0.99843430519104,1
3852,0.9938303828239441,0.99843430519104,1
3853,0.9938303828239441,0.99843430519104,1
3854,0.9938303828239441,0.99843430519104,1
3855,0.9938303828239441,0.99843430519104,1
3856,0.9943432807922363,0.9982287287712097,1
3857,0.9943432807922363,0.9982287287712097,1
3858,0.9943432807922363,0.9982287287712097,1
3859,0.9943432807922363,0.9982287287712097,1
3860,0.9943432807922363,0.9982287287712097,1
3861,0.9943432807922363,0.9982287287712097,1
3862,0.9943432807922363,0.9982287287712097,1
3863,0.9943432807922363,0.9982287287712097,1
3864,0.9943432807922363,0.9982287287712097,1
3865,0.9943432807922363,0.9982287287712097,1
3866,0.9943432807922363,0.9982287287712097,1
3867,0.9943432807922363,0.9982287287712097,1
3868,0.9943432807922363,0.9982287287712097,1
3869,0.9943432807922363,0.9982287287712097,1
3870,0.9943432807922363,0.9982287287712097,1
3871,0.9943432807922363,0.9982287287712097,1
3872,0.9949368238449097,0.9981040358543396,1
3873,0.9949368238449097,0.9981040358543396,1
3874,0.9949368238449097,0.9981040358543396,1
3875,0.9949368238449097,0.9981040358543396,1
3876,0.9949368238449097,0.9981040358543396,1
3877,0.9949368238449097,0.9981040358543396,1
3878,0.9949368238449097,0.9981040358543396,1
3879,0.9949368238449097,0.9981040358543396,1
3880,0.9949368238449097,0.9981040358543396,1
3881,0.9949368238449097,0.9981040358543396,1
3882,0.9949368238449097,0.9981040358543396,1
3883,0.9949368238449097,0.9981040358543396,1
3884,0.9949368238449097,0.9981040358543396,1
3885,0.9949368238449097,0.9981040358543396,1
3886,0.9949368238449097,0.9981040358543396,1
3887,0.9949368238449097,0.9981040358543396,1
3888,0.995002806186676,0.997917115688324,1
3889,0.995002806186676,0.997917115688324,1
3890,0.995002806186676,0.997917115688324,1
3891,0.995002806186676,0.997917115688324,1
3892,0.995002806186676,0.997917115688324,1
3893,0.995002806186676,0.997917115688324,1
3894,0.995002806186676,0.997917115688324,1
3895,0.995002806186676,0.997917115688324,1
3896,0.995002806186676,0.997917115688324,1
3897,0.995002806186676,0.997917115688324,1
3898,0.995002806186676,0.997917115688324,1
3899,0.995002806186676,0.997917115688324,1
3900,0.995002806186676,0.997917115688324,1
3901,0.995002806186676,0.997917115688324,1
3902,0.995002806186676,0.997917115688324,1
3903,0.995002806186676,0.997917115688324,1
3904,0.9945178627967834,0.997734785079956,1
3905,0.9945178627967834,0.997734785079956,1
3906,0.9945178627967834,0.997734785079956,1
3907,0.9945178627967834,0.997734785079956,1
3908,0.9945178627967834,0.997734785079956,1
3909,0.9945178627967834,0.997734785079956,1
3910,0.9945178627967834,0.997734785079956,1
3911,0.9945178627967834,0.997734785079956,1
3912,0.9945178627967834,0.997734785079956,1
3913,0.9945178627967834,0.997734785079956,1
3914,0.9945178627967834,0.997734785079956,1
3915,0.9945178627967834,0.997734785079956,1
3916,0.9945178627967834,0.997734785079956,1
3917,0.9945178627967834,0.997734785079956,1
3918,0.9945178627967834,0.997734785079956,1
3919,0.9945178627967834,0.997734785079956,1
3920,0.9933220744132996,0.9974476099014282,1
3921,0.9933220744132996,0.9974476099014282,1
3922,0.9933220744132996,0.9974476099014282,1
3923,0.9933220744132996,0.9974476099014282,1
3924,0.9933220744132996,0.9974476099014282,1
3925,0.9933220744132996,0.9974476099014282,1
3926,0.9933220744132996,0.9974476099014282,1
3927,0.9933220744132996,0.9974476099014282,1
3928,0.9933220744132996,0.9974476099014282,1
3929,0.9933220744132996,0.9974476099014282,1
3930,0.9933220744132996,0.9974476099014282,1
3931,0.9933220744132996,0.9974476099014282,1
3932,0.9933220744132996,0.9974476099014282,1
3933,0.9933220744132996,0.9974476099014282,1
3934,0.9933220744132996,0.9974476099014282,1
3935,0.9933220744132996,0.9974476099014282,1
3936,0.9912500381469727,0.9971137642860413,1
3937,0.9912500381469727,0.9971137642860413,1
3938,0.9912500381469727,0.9971137642860413,1
3939,0.9912500381469727,0.9971137642860413,1
3940,0.9912500381469727,0.9971137642860413,1
3941,0.9912500381469727,0.9971137642860413,1
3942,0.9912500381469727,0.9971137642860413,1
3943,0.9912500381469727,0.9971137642860413,1
3944,0.9912500381469727,0.9971137642860413,1
3945,0.9912500381469727,0.9971137642860413,1
3946,0.9912500381469727,0.9971137642860413,1
3947,0.9912500381469727,0.9971137642860413,1
3948,0.9912500381469727,0.9971137642860413,1
3949,0.9912500381469727,0.9971137642860413,1
3950,0.9912500381469727,0.9971137642860413,1
3951,0.9912500381469727,0.9971137642860413,1
3952,0.989538848400116,0.9970242977142334,1
3953,0.989538848400116,0.9970242977142334,1
3954,0.989538848400116,0.9970242977142334,1
3955,0.989538848400116,0.9970242977142334,1
3956,0.989538848400116,0.9970242977142334,1
3957,0.989538848400116,0.9970242977142334,1
3958,0.989538848400116,0.9970242977142334,1
3959,0.989538848400116,0.9970242977142334,1
3960,0.989538848400116,0.9970242977142334,1
3961,0.989538848400116,0.9970242977142334,1
3962,0.989538848400116,0.9970242977142334,1
3963,0.989538848400116,0.9970242977142334,1
3964,0.989538848400116,0.9970242977142334,1
3965,0.989538848400116,0.9970242977142334,1
3966,0.989538848400116,0.9970242977142334,1
3967,0.989538848400116,0.9970242977142334,1
3968,0.985126256942749,0.9967616200447083,1
3969,0.985126256942749,0.9967616200447083,1
3970,0.985126256942749,0.9967616200447083,1
3971,0.985126256942749,0.9967616200447083,1
3972,0.985126256942749,0.9967616200447083,1
3973,0.985126256942749,0.9967616200447083,1
3974,0.985126256942749,0.9967616200447083,1
3975,0.985126256942749,0.9967616200447083,1
3976,0.985126256942749,0.9967616200447083,1
3977,0.985126256942749,0.9967616200447083,1
3978,0.985126256942749,0.9967616200447083,1
3979,0.985126256942749,0.9967616200447083,1
3980,0.985126256942749,0.9967616200447083,1
3981,0.985126256942749,0.9967616200447083,1
3982,0.985126256942749,0.9967616200447083,1
3983,0.985126256942749,0.9967616200447083,1
3984,0.9809632301330566,0.9966706037521362,1
3985,0.9809632301330566,0.9966706037521362,1
3986,0.9809632301330566,0.9966706037521362,1
3987,0.9809632301330566,0.9966706037521362,1
3988,0.9809632301330566,0.9966706037521362,1
3989,0.9809632301330566,0.9966706037521362,1
3990,0.9809632301330566,0.9966706037521362,1
3991,0.9809632301330566,0.9966706037521362,1
3992,0.9809632301330566,0.9966706037521362,1
3993,0.9809632301330566,0.9966706037521362,1
3994,0.9809632301330566,0.9966706037521362,1
3995,0.9809632301330566,0.9966706037521362,1
3996,0.9809632301330566,0.9966706037521362,1
3997,0.9809632301330566,0.9966706037521362,1
3998,0.9809632301330566,0.9966706037521362,1
3999,0.9809632301330566,0.9966706037521362,1
4000,0.9773050546646118,0.9967927932739258,1
4001,0.9773050546646118,0.9967927932739258,1
4002,0.9773050546646118,0.9967927932739258,1
4003,0.9773050546646118,0.9967927932739258,1
4004,0.9773050546646118,0.9967927932739258,1
4005,0.9773050546646118,0.9967927932739258,1
4006,0.9773050546646118,0.9967927932739258,1
4007,0.9773050546646118,0.9967927932739258,1
4008,0.9773050546646118,0.9967927932739258,1
4009,0.9773050546646118,0.9967927932739258,1
4010,0.9773050546646118,0.9967927932739258,1
4011,0.9773050546646118,0.9967927932739258,1
4012,0.9773050546646118,0.9967927932739258,1
4013,0.9773050546646118,0.9967927932739258,1
4014,0.9773050546646118,0.9967927932739258,1
4015,0.9773050546646118,0.9967927932739258,1
4016,0.971290111541748,0.9969916939735413,1
4017,0.971290111541748,0.9969916939735413,1
4018,0.971290111541748,0.9969916939735413,1
4019,0.971290111541748,0.9969916939735413,1
4020,0.971290111541748,0.9969916939735413,1
4021,0.971290111541748,0.9969916939735413,1
4022,0.971290111541748,0.9969916939735413,1
4023,0.971290111541748,0.9969916939735413,1
4024,0.971290111541748,0.9969916939735413,1
4025,0.971290111541748,0.9969916939735413,1
4026,0.971290111541748,0.9969916939735413,1
4027,0.971290111541748,0.9969916939735413,1
4028,0.971290111541748,0.9969916939735413,1
4029,0.971290111541748,0.9969916939735413,1
4030,0.971290111541748,0.9969916939735413,1
4031,0.971290111541748,0.9969916939735413,1
4032,0.9590036273002625,0.9970650672912598,1
4033,0.9590036273002625,0.9970650672912598,1
4034,0.9590036273002625,0.9970650672912598,1
4035,0.9590036273002625,0.9970650672912598,1
4036,0.9590036273002625,0.9970650672912598,1
4037,0.9590036273002625,0.9970650672912598,1
4038,0.9590036273002625,0.9970650672912598,1
4039,0.9590036273002625,0.9970650672912598,1
4040,0.9590036273002625,0.9970650672912598,1
4041,0.9590036273002625,0.9970650672912598,1
4042,0.9590036273002625,0.9970650672912598,1
4043,0.9590036273002625,0.9970650672912598,1
4044,0.9590036273002625,0.9970650672912598,1
4045,0.9590036273002625,0.9970650672912598,1
4046,0.9590036273002625,0.9970650672912598,1
4047,0.9590036273002625,0.9970650672912598,1
4048,0.9404423236846924,0.9969717264175415,1
4049,0.9404423236846924,0.9969717264175415,1
4050,0.9404423236846924,0.9969717264175415,1
4051,0.9404423236846924,0.9969717264175415,1
4052,0.9404423236846924,0.9969717264175415,1
4053,0.9404423236846924,0.9969717264175415,1
4054,0.9404423236846924,0.9969717264175415,1
4055,0.9404423236846924,0.9969717264175415,1
4056,0.9404423236846924,0.9969717264175415,1
4057,0.9404423236846924,0.9969717264175415,1
4058,0.9404423236846924,0.9969717264175415,1
4059,0.9404423236846924,0.9969717264175415,1
4060,0.9404423236846924,0.9969717264175415,1
4061,0.9404423236846924,0.9969717264175415,1
4062,0.9404423236846924,0.9969717264175415,1
4063,0.9404423236846924,0.9969717264175415,1
4064,0.9101248383522034,0.9970463514328003,1
4065,0.9101248383522034,0.9970463514328003,1
4066,0.9101248383522034,0.9970463514328003,1
4067,0.9101248383522034,0.9970463514328003,1
4068,0.9101248383522034,0.9970463514328003,1
4069,0.9101248383522034,0.9970463514328003,1
4070,0.9101248383522034,0.9970463514328003,1
4071,0.9101248383522034,0.9970463514328003,1
4072,0.9101248383522034,0.9970463514328003,1
4073,0.9101248383522034,0.9970463514328003,1
4074,0.9101248383522034,0.9970463514328003,1
4075,0.9101248383522034,0.9970463514328003,1
4076,0.9101248383522034,0.9970463514328003,1
4077,0.9101248383522034,0.9970463514328003,1
4078,0.9101248383522034,0.9970463514328003,1
4079,0.9101248383522034,0.9970463514328003,1
4080,0.8528323173522949,0.9973791837692261,1
4081,0.8528323173522949,0.9973791837692261,1
4082,0.8528323173522949,0.9973791837692261,1
4083,0.8528323173522949,0.9973791837692261,1
4084,0.8528323173522949,0.9973791837692261,1
4085,0.8528323173522949,0.9973791837692261,1
4086,0.8528323173522949,0.9973791837692261,1
4087,0.8528323173522949,0.9973791837692261,1
4088,0.8528323173522949,0.9973791837692261,1
4089,0.8528323173522949,0.9973791837692261,1
4090,0.8528323173522949,0.9973791837692261,1
4091,0.8528323173522949,0.9973791837692261,1
4092,0.8528323173522949,0.9973791837692261,1
4093,0.8528323173522949,0.9973791837692261,1
4094,0.8528323173522949,0.9973791837692261,1
4095,0.8528323173522949,0.9973791837692261,1
4096,0.9606332778930664,0.9989123344421387,1
4097,0.9606332778930664,0.9989123344421387,1
4098,0.9606332778930664,0.9989123344421387,1
4099,0.9606332778930664,0.9989123344421387,1
4100,0.9606332778930664,0.9989123344421387,1
4101,0.9606332778930664,0.9989123344421387,1
4102,0.9606332778930664,0.9989123344421387,1
4103,0.9606332778930664,0.9989123344421387,1
4104,0.9606332778930664,0.9989123344421387,1
4105,0.9606332778930664,0.9989123344421387,1
4106,0.9606332778930664,0.9989123344421387,1
4107,0.9606332778930664,0.9989123344421387,1
4108,0.9606332778930664,0.9989123344421387,1
4109,0.9606332778930664,0.9989123344421387,1
4110,0.9606332778930664,0.9989123344421387,1
4111,0.9606332778930664,0.9989123344421387,1
4112,0.9853060245513916,0.9989281296730042,1
4113,0.9853060245513916,0.9989281296730042,1
4114,0.9853060245513916,0.9989281296730042,1
4115,0.9853060245513916,0.9989281296730042,1
4116,0.9853060245513916,0.9989281296730042,1
4117,0.9853060245513916,0.9989281296730042,1
4118,0.9853060245513916,0.9989281296730042,1
4119,0.9853060245513916,0.9989281296730042,1
4120,0.9853060245513916,0.9989281296730042,1
4121,0.9853060245513916,0.9989281296730042,1
4122,0.9853060245513916,0.9989281296730042,1
4123,0.9853060245513916,0.9989281296730042,1
4124,0.9853060245513916,0.9989281296730042,1
4125,0.9853060245513916,0.9989281296730042,1
4126,0.9853060245513916,0.9989281296730042,1
4127,0.9853060245513916,0.9989281296730042,1
4128,0.9936079978942871,0.99891197681427,1
4129,0.9936079978942871,0.99891197681427,1
4130,0.9936079978942871,0.99891197681427,1
4131,0.9936079978942871,0.99891197681427,1
4132,0.9936079978942871,0.99891197681427,1
4133,0.9936079978942871,0.99891197681427,1
4134,0.9936079978942871,0.99891197681427,1
4135,0.9936079978942871,0.99891197681427,1
4136,0.9936079978942871,0.99891197681427,1
4137,0.9936079978942871,0.99891197681427,1
4138,0.9936079978942871,0.99891197681427,1
4139,0.9936079978942871,0.99891197681427,1
4140,0.9936079978942871,0.99891197681427,1
4141,0.9936079978942871,0.99891197681427,1
4142,0.9936079978942871,0.99891197681427,1
4143,0.9936079978942871,0.99891197681427,1
4144,0.996380627155304,0.9988405108451843,1
4145,0.996380627155304,0.9988405108451843,1
4146,0.996380627155304,0.9988405108451843,1
4147,0.996380627155304,0.9988405108451843,1
4148,0.996380627155304,0.9988405108451843,1
4149,0.996380627155304,0.9988405108451843,1
4150,0.996380627155304,0.9988405108451843,1
4151,0.996380627155304,0.9988405108451843,1
4152,0.996380627155304,0.9988405108451843,1
4153,0.996380627155304,0.9988405108451843,1
4154,0.996380627155304,0.9988405108451843,1
4155,0.996380627155304,0.9988405108451843,1
4156,0.996380627155304,0.9988405108451843,1
4157,0.996380627155304,0.9988405108451843,1
4158,0.996380627155304,0.9988405108451843,1
4159,0.996380627155304,0.9988405108451843,1
4160,0.9976104497909546,0.9987525343894958,1
4161,0.9976104497909546,0.9987525343894958,1
4162,0.9976104497909546,0.9987525343894958,1
4163,0.9976104497909546,0.9987525343894958,1
4164,0.9976104497909546,0.9987525343894958,1
4165,0.9976104497909546,0.9987525343894958,1
4166,0.9976104497909546,0.9987525343894958,1
4167,0.9976104497909546,0.9987525343894958,1
4168,0.9976104497909546,0.9987525343894958,1
4169,0.9976104497909546,0.9987525343894958,1
4170,0.9976104497909546,0.9987525343894958,1
4171,0.9976104497909546,0.9987525343894958,1
4172,0.9976104497909546,0.9987525343894958,1
4173,0.9976104497909546,0.9987525343894958,1
4174,0.9976104497909546,0.9987525343894958,1
4175,0.9976104497909546,0.9987525343894958,1
4176,0.9983349442481995,0.9987303614616394,1
4177,0.9983349442481995,0.9987303614616394,1
4178,0.9983349442481995,0.9987303614616394,1
4179,0.9983349442481995,0.9987303614616394,1
4180,0.9983349442481995,0.9987303614616394,1
4181,0.9983349442481995,0.9987303614616394,1
4182,0.9983349442481995,0.9987303614616394,1
4183,0.9983349442481995,0.9987303614616394,1
4184,0.9983349442481995,0.9987303614616394,1
4185,0.9983349442481995,0.9987303614616394,1
4186,0.9983349442481995,0.9987303614616394,1
4187,0.9983349442481995,0.9987303614616394,1
4188,0.9983349442481995,0.9987303614616394,1
4189,0.9983349442481995,0.9987303614616394,1
4190,0.9983349442481995,0.9987303614616394,1
4191,0.9983349442481995,0.9987303614616394,1
4192,0.9987506866455078,0.9987058043479919,1
4193,0.9987506866455078,0.9987058043479919,1
4194,0.9987506866455078,0.9987058043479919,1
4195,0.9987506866455078,0.9987058043479919,1
4196,0.9987506866455078,0.9987058043479919,1
4197,0.9987506866455078,0.9987058043479919,1
4198,0.9987506866455078,0.9987058043479919,1
4199,0.9987506866455078,0.9987058043479919,1
4200,0.9987506866455078,0.9987058043479919,1
4201,0.9987506866455078,0.9987058043479919,1
4202,0.9987506866455078,0.9987058043479919,1
4203,0.9987506866455078,0.9987058043479919,1
4204,0.9987506866455078,0.9987058043479919,1
4205,0.9987506866455078,0.9987058043479919,1
4206,0.9987506866455078,0.9987058043479919,1
4207,0.9987506866455078,0.9987058043479919,1
4208,0.9990242719650269,0.9986953139305115,1
4209,0.9990242719650269,0.9986953139305115,1
4210,0.9990242719650269,0.9986953139305115,1
4211,0.9990242719650269,0.9986953139305115,1
4212,0.9990242719650269,0.9986953139305115,1
4213,0.9990242719650269,0.9986953139305115,1
4214,0.9990242719650269,0.9986953139305115,1
4215,0.9990242719650269,0.9986953139305115,1
4216,0.9990242719650269,0.9986953139305115,1
4217,0.9990242719650269,0.9986953139305115,1
4218,0.9990242719650269,0.9986953139305115,1
4219,0.9990242719650269,0.9986953139305115,1
4220,0.9990242719650269,0.9986953139305115,1
4221,0.9990242719650269,0.9986953139305115,1
4222,0.9990242719650269,0.9986953139305115,1
4223,0.9990242719650269,0.9986953139305115,1
4224,0.9993371367454529,0.9987974762916565,1
4225,0.9993371367454529,0.9987974762916565,1
4226,0.9993371367454529,0.9987974762916565,1
4227,0.9993371367454529,0.9987974762916565,1
4228,0.9993371367454529,0.9987974762916565,1
4229,0.9993371367454529,0.9987974762916565,1
4230,0.9993371367454529,0.9987974762916565,1
4231,0.9993371367454529,0.9987974762916565,1
4232,0.9993371367454529,0.9987974762916565,1
4233,0.9993371367454529,0.9987974762916565,1
4234,0.9993371367454529,0.9987974762916565,1
4235,0.9993371367454529,0.9987974762916565,1
4236,0.9993371367454529,0.9987974762916565,1
4237,0.9993371367454529,0.9987974762916565,1
4238,0.9993371367454529,0.9987974762916565,1
4239,0.9993371367454529,0.9987974762916565,1
4240,0.999542236328125,0.9988456964492798,1
4241,0.999542236328125,0.9988456964492798,1
4242,0.999542236328125,0.9988456964492798,1
4243,0.999542236328125,0.9988456964492798,1
4244,0.999542236328125,0.9988456964492798,1
4245,0.999542236328125,0.9988456964492798,1
4246,0.999542236328125,0.9988456964492798,1
4247,0.999542236328125,0.9988456964492798,1
4248,0.999542236328125,0.9988456964492798,1
4249,0.999542236328125,0.9988456964492798,1
4250,0.999542236328125,0.9988456964492798,1
4251,0.999542236328125,0.9988456964492798,1
4252,0.999542236328125,0.9988456964492798,1
4253,0.999542236328125,0.9988456964492798,1
4254,0.999542236328125,0.9988456964492798,1
4255,0.999542236328125,0.9988456964492798,1
4256,0.9996335506439209,0.998928427696228,1
4257,0.9996335506439209,0.998928427696228,1
4258,0.9996335506439209,0.998928427696228,1
4259,0.9996335506439209,0.998928427696228,1
4260,0.9996335506439209,0.998928427696228,1
4261,0.9996335506439209,0.998928427696228,1
4262,0.9996335506439209,0.998928427696228,1
4263,0.9996335506439209,0.998928427696228,1
4264,0.9996335506439209,0.998928427696228,1
4265,0.9996335506439209,0.998928427696228,1
4266,0.9996335506439209,0.998928427696228,1
4267,0.9996335506439209,0.998928427696228,1
4268,0.9996335506439209,0.998928427696228,1
4269,0.9996335506439209,0.998928427696228,1
4270,0.9996335506439209,0.998928427696228,1
4271,0.9996335506439209,0.998928427696228,1
4272,0.9996532201766968,0.9988366365432739,1
4273,0.9996532201766968,0.9988366365432739,1
4274,0.9996532201766968,0.9988366365432739,1
4275,0.9996532201766968,0.9988366365432739,1
4276,0.9996532201766968,0.9988366365432739,1
4277,0.9996532201766968,0.9988366365432739,1
4278,0.9996532201766968,0.9988366365432739,1
4279,0.9996532201766968,0.9988366365432739,1
4280,0.9996532201766968,0.9988366365432739,1
4281,0.9996532201766968,0.9988366365432739,1
4282,0.9996532201766968,0.9988366365432739,1
4283,0.9996532201766968,0.9988366365432739,1
4284,0.9996532201766968,0.9988366365432739,1
4285,0.9996532201766968,0.9988366365432739,1
4286,0.9996532201766968,0.9988366365432739,1
4287,0.9996532201766968,0.9988366365432739,1
4288,0.9996665716171265,0.9987937808036804,1
4289,0.9996665716171265,0.9987937808036804,1
4290,0.9996665716171265,0.9987937808036804,1
4291,0.9996665716171265,0.9987937808036804,1
4292,0.9996665716171265,0.9987937808036804,1
4293,0.9996665716171265,0.9987937808036804,1
4294,0.9996665716171265,0.9987937808036804,1
4295,0.9996665716171265,0.9987937808036804,1
4296,0.9996665716171265,0.9987937808036804,1
4297,0.9996665716171265,0.9987937808036804,1
4298,0.9996665716171265,0.9987937808036804,1
4299,0.9996665716171265,0.9987937808036804,1
4300,0.9996665716171265,0.9987937808036804,1
4301,0.9996665716171265,0.9987937808036804,1
4302,0.9996665716171265,0.9987937808036804,1
4303,0.9996665716171265,0.9987937808036804,1
4304,0.9996627569198608,0.998730480670929,1
4305,0.9996627569198608,0.998730480670929,1
4306,0.9996627569198608,0.998730480670929,1
4307,0.9996627569198608,0.998730480670929,1
4308,0.9996627569198608,0.998730480670929,1
4309,0.9996627569198608,0.998730480670929,1
4310,0.9996627569198608,0.998730480670929,0
4311,0.9996627569198608,0.998730480670929,0
4312,0.9996627569198608,0.998730480670929,0
4313,0.9996627569198608,0.998730480670929,0
4314,0.9996627569198608,0.998730480670929,0
4315,0.9996627569198608,0.998730480670929,0
4316,0.9996627569198608,0.998730480670929,0
4317,0.9996627569198608,0.998730480670929,0
4318,0.9996627569198608,0.998730480670929,0
4319,0.9996627569198608,0.998730480670929,0
4320,0.9996665716171265,0.9986096620559692,0
4321,0.9996665716171265,0.9986096620559692,0
4322,0.9996665716171265,0.9986096620559692,0
4323,0.9996665716171265,0.9986096620559692,0
4324,0.9996665716171265,0.9986096620559692,0
4325,0.9996665716171265,0.9986096620559692,0
4326,0.9996665716171265,0.9986096620559692,0
4327,0.9996665716171265,0.9986096620559692,0
4328,0.9996665716171265,0.9986096620559692,0
4329,0.9996665716171265,0.9986096620559692,0
4330,0.9996665716171265,0.9986096620559692,0
4331,0.9996665716171265,0.9986096620559692,0
4332,0.9996665716171265,0.9986096620559692,0
4333,0.9996665716171265,0.9986096620559692,0
4334,0.9996665716171265,0.9986096620559692,0
4335,0.9996665716171265,0.9986096620559692,0
4336,0.9996926784515381,0.9985542297363281,0
4337,0.9996926784515381,0.9985542297363281,0
4338,0.9996926784515381,0.9985542297363281,0
4339,0.9996926784515381,0.9985542297363281,0
4340,0.9996926784515381,0.9985542297363281,0
4341,0.9996926784515381,0.9985542297363281,0
4342,0.9996926784515381,0.9985542297363281,0
4343,0.9996926784515381,0.9985542297363281,0
4344,0.9996926784515381,0.9985542297363281,0
4345,0.9996926784515381,0.9985542297363281,0
4346,0.9996926784515381,0.9985542297363281,0
4347,0.9996926784515381,0.9985542297363281,0
4348,0.9996926784515381,0.9985542297363281,0
4349,0.9996926784515381,0.9985542297363281,0
4350,0.9996926784515381,0.9985542297363281,0
4351,0.9996926784515381,0.9985542297363281,0
4352,0.9996973276138306,0.9985045194625854,0
4353,0.9996973276138306,0.9985045194625854,0
4354,0.9996973276138306,0.9985045194625854,0
4355,0.9996973276138306,0.9985045194625854,0
4356,0.9996973276138306,0.9985045194625854,0
4357,0.9996973276138306,0.9985045194625854,0
4358,0.9996973276138306,0.9985045194625854,0
4359,0.9996973276138306,0.9985045194625854,0
4360,0.9996973276138306,0.9985045194625854,0
4361,0.9996973276138306,0.9985045194625854,0
4362,0.9996973276138306,0.9985045194625854,0
4363,0.9996973276138306,0.9985045194625854,0
4364,0.9996973276138306,0.9985045194625854,0
4365,0.9996973276138306,0.9985045194625854,0
4366,0.9996973276138306,0.9985045194625854,0
4367,0.9996973276138306,0.9985045194625854,0
4368,0.9996768236160278,0.9984027147293091,0
4369,0.9996768236160278,0.9984027147293091,0
4370,0.9996768236160278,0.9984027147293091,0
4371,0.9996768236160278,0.9984027147293091,0
4372,0.9996768236160278,0.9984027147293091,0
4373,0.9996768236160278,0.9984027147293091,0
4374,0.9996768236160278,0.9984027147293091,0
4375,0.9996768236160278,0.9984027147293091,0
4376,0.9996768236160278,0.9984027147293091,0
4377,0.9996768236160278,0.9984027147293091,0
4378,0.9996768236160278,0.9984027147293091,0
4379,0.9996768236160278,0.9984027147293091,0
4380,0.9996768236160278,0.9984027147293091,0
4381,0.9996768236160278,0.9984027147293091,0
4382,0.9996768236160278,0.9984027147293091,0
4383,0.9996768236160278,0.9984027147293091,0
4384,0.9996770620346069,0.9984138607978821,0
4385,0.9996770620346069,0.9984138607978821,0
4386,0.9996770620346069,0.9984138607978821,0
4387,0.9996770620346069,0.9984138607978821,0
4388,0.9996770620346069,0.9984138607978821,0
4389,0.9996770620346069,0.9984138607978821,0
4390,0.9996770620346069,0.9984138607978821,0
4391,0.9996770620346069,0.9984138607978821,0
4392,0.9996770620346069,0.9984138607978821,0
4393,0.9996770620346069,0.9984138607978821,0
4394,0.9996770620346069,0.9984138607978821,0
4395,0.9996770620346069,0.9984138607978821,0
4396,0.9996770620346069,0.9984138607978821,0
4397,0.9996770620346069,0.9984138607978821,0
4398,0.9996770620346069,0.9984138607978821,0
4399,0.9996770620346069,0.9984138607978821,0
4400,0.9996592998504639,0.9983962774276733,0
4401,0.9996592998504639,0.9983962774276733,0
4402,0.9996592998504639,0.9983962774276733,0
4403,0.9996592998504639,0.9983962774276733,0
4404,0.9996592998504639,0.9983962774276733,0
4405,0.9996592998504639,0.9983962774276733,0
4406,0.9996592998504639,0.9983962774276733,0
4407,0.9996592998504639,0.9983962774276733,0
4408,0.9996592998504639,0.9983962774276733,0
4409,0.9996592998504639,0.9983962774276733,0
4410,0.9996592998504639,0.9983962774276733,0
4411,0.9996592998504639,0.9983962774276733,0
4412,0.9996592998504639,0.9983962774276733,0
4413,0.9996592998504639,0.9983962774276733,0
4414,0.9996592998504639,0.9983962774276733,0
4415,0.9996592998504639,0.9983962774276733,0
4416,0.9996660947799683,0.9984328150749207,0
4417,0.9996660947799683,0.9984328150749207,0
4418,0.9996660947799683,0.9984328150749207,0
4419,0.9996660947799683,0.9984328150749207,0
4420,0.9996660947799683,0.9984328150749207,0
4421,0.9996660947799683,0.9984328150749207,0
4422,0.9996660947799683,0.9984328150749207,0
4423,0.9996660947799683,0.9984328150749207,0
4424,0.9996660947799683,0.9984328150749207,0
4425,0.9996660947799683,0.9984328150749207,0
4426,0.9996660947799683,0.9984328150749207,0
4427,0.9996660947799683,0.9984328150749207,0
4428,0.9996660947799683,0.9984328150749207,0
4429,0.9996660947799683,0.9984328150749207,0
4430,0.9996660947799683,0.9984328150749207,0
4431,0.9996660947799683,0.9984328150749207,0
4432,0.9996519088745117,0.9984418749809265,0
4433,0.9996519088745117,0.9984418749809265,0
4434,0.9996519088745117,0.9984418749809265,0
4435,0.9996519088745117,0.9984418749809265,0
4436,0.9996519088745117,0.9984418749809265,0
4437,0.9996519088745117,0.9984418749809265,0
4438,0.9996519088745117,0.9984418749809265,0
4439,0.9996519088745117,0.9984418749809265,0
4440,0.9996519088745117,0.9984418749809265,0
4441,0.9996519088745117,0.9984418749809265,0
4442,0.9996519088745117,0.9984418749809265,0
4443,0.9996519088745117,0.9984418749809265,0
4444,0.9996519088745117,0.9984418749809265,0
4445,0.9996519088745117,0.9984418749809265,0
4446,0.9996519088745117,0.9984418749809265,0
4447,0.9996519088745117,0.9984418749809265,0
4448,0.999649167060852,0.9984491467475891,0
4449,0.999649167060852,0.9984491467475891,0
4450,0.999649167060852,0.9984491467475891,0
4451,0.999649167060852,0.9984491467475891,0
4452,0.999649167060852,0.9984491467475891,0
4453,0.999649167060852,0.9984491467475891,0
4454,0.999649167060852,0.9984491467475891,0
4455,0.999649167060852,0.9984491467475891,0
4456,0.999649167060852,0.9984491467475891,0
4457,0.999649167060852,0.9984491467475891,0
4458,0.999649167060852,0.9984491467475891,0
4459,0.999649167060852,0.9984491467475891,0
4460,0.999649167060852,0.9984491467475891,0
4461,0.999649167060852,0.9984491467475891,0
4462,0.999649167060852,0.9984491467475891,0
4463,0.999649167060852,0.9984491467475891,0
4464,0.9996476173400879,0.9984697103500366,0
4465,0.9996476173400879,0.9984697103500366,0
4466,0.9996476173400879,0.9984697103500366,0
4467,0.9996476173400879,0.9984697103500366,0
4468,0.9996476173400879,0.9984697103500366,0
4469,0.9996476173400879,0.9984697103500366,0
4470,0.9996476173400879,0.9984697103500366,0
4471,0.9996476173400879,0.9984697103500366,0
4472,0.9996476173400879,0.9984697103500366,0
4473,0.9996476173400879,0.9984697103500366,0
4474,0.9996476173400879,0.9984697103500366,0
4475,0.9996476173400879,0.9984697103500366,0
4476,0.9996476173400879,0.9984697103500366,0
4477,0.9996476173400879,0.9984697103500366,0
4478,0.9996476173400879,0.9984697103500366,0
4479,0.9996476173400879,0.9984697103500366,0
4480,0.9996225833892822,0.9983939528465271,0
4481,0.9996225833892822,0.9983939528465271,0
4482,0.9996225833892822,0.9983939528465271,0
4483,0.9996225833892822,0.9983939528465271,0
4484,0.9996225833892822,0.9983939528465271,0
4485,0.9996225833892822,0.9983939528465271,0
4486,0.9996225833892822,0.9983939528465271,0
4487,0.9996225833892822,0.9983939528465271,0
4488,0.9996225833892822,0.9983939528465271,0
4489,0.9996225833892822,0.9983939528465271,0
4490,0.9996225833892822,0.9983939528465271,0
4491,0.9996225833892822,0.9983939528465271,0
4492,0.9996225833892822,0.9983939528465271,0
4493,0.9996225833892822,0.9983939528465271,0
4494,0.9996225833892822,0.9983939528465271,0
4495,0.9996225833892822,0.9983939528465271,0
4496,0.9995861649513245,0.9983869194984436,0
4497,0.9995861649513245,0.9983869194984436,0
4498,0.9995861649513245,0.9983869194984436,0
4499,0.9995861649513245,0.9983869194984436,0
4500,0.9995861649513245,0.9983869194984436,0
4501,0.9995861649513245,0.9983869194984436,0
4502,0.9995861649513245,0.9983869194984436,0
4503,0.9995861649513245,0.9983869194984436,0
4504,0.9995861649513245,0.9983869194984436,0
4505,0.9995861649513245,0.9983869194984436,0
4506,0.9995861649513245,0.9983869194984436,0
4507,0.9995861649513245,0.9983869194984436,0
4508,0.9995861649513245,0.9983869194984436,0
4509,0.9995861649513245,0.9983869194984436,0
4510,0.9995861649513245,0.9983869194984436,0
4511,0.9995861649513245,0.9983869194984436,0
4512,0.9996280670166016,0.9984175562858582,0
4513,0.9996280670166016,0.9984175562858582,0
4514,0.9996280670166016,0.9984175562858582,0
4515,0.9996280670166016,0.9984175562858582,0
4516,0.9996280670166016,0.9984175562858582,0
4517,0.9996280670166016,0.9984175562858582,0
4518,0.9996280670166016,0.9984175562858582,0
4519,0.9996280670166016,0.9984175562858582,0
4520,0.9996280670166016,0.9984175562858582,0
4521,0.9996280670166016,0.9984175562858582,0
4522,0.9996280670166016,0.9984175562858582,0
4523,0.9996280670166016,0.9984175562858582,0
4524,0.9996280670166016,0.9984175562858582,0
4525,0.9996280670166016,0.9984175562858582,0
4526,0.9996280670166016,0.9984175562858582,0
4527,0.9996280670166016,0.9984175562858582,0
4528,0.999624490737915,0.9983711242675781,0
4529,0.999624490737915,0.9983711242675781,0
4530,0.999624490737915,0.9983711242675781,0
4531,0.999624490737915,0.9983711242675781,0
4532,0.999624490737915,0.9983711242675781,0
4533,0.999624490737915,0.9983711242675781,0
4534,0.999624490737915,0.9983711242675781,0
4535,0.999624490737915,0.9983711242675781,0
4536,0.999624490737915,0.9983711242675781,0
4537,0.999624490737915,0.9983711242675781,0
4538,0.999624490737915,0.9983711242675781,0
4539,0.999624490737915,0.9983711242675781,0
4540,0.999624490737915,0.9983711242675781,0
4541,0.999624490737915,0.9983711242675781,0
4542,0.999624490737915,0.9983711242675781,0
4543,0.999624490737915,0.9983711242675781,0
4544,0.9996035695075989,0.9983481764793396,0
4545,0.9996035695075989,0.9983481764793396,0
4546,0.9996035695075989,0.9983481764793396,0
4547,0.9996035695075989,0.9983481764793396,0
4548,0.9996035695075989,0.9983481764793396,0
4549,0.9996035695075989,0.9983481764793396,0
4550,0.9996035695075989,0.9983481764793396,0
4551,0.9996035695075989,0.9983481764793396,0
4552,0.9996035695075989,0.9983481764793396,0
4553,0.9996035695075989,0.9983481764793396,0
4554,0.9996035695075989,0.9983481764793396,0
4555,0.9996035695075989,0.9983481764793396,0
4556,0.9996035695075989,0.9983481764793396,0
4557,0.9996035695075989,0.9983481764793396,0
4558,0.9996035695075989,0.9983481764793396,0
4559,0.9996035695075989,0.9983481764793396,0
4560,0.9996001124382019,0.9983400702476501,0
4561,0.9996001124382019,0.9983400702476501,0
4562,0.9996001124382019,0.9983400702476501,0
4563,0.9996001124382019,0.9983400702476501,0
4564,0.9996001124382019,0.9983400702476501,0
4565,0.9996001124382019,0.9983400702476501,0
4566,0.9996001124382019,0.9983400702476501,0
4567,0.9996001124382019,0.9983400702476501,0
4568,0.9996001124382019,0.9983400702476501,0
4569,0.9996001124382019,0.9983400702476501,0
4570,0.9996001124382019,0.9983400702476501,0
4571,0.9996001124382019,0.9983400702476501,0
4572,0.9996001124382019,0.9983400702476501,0
4573,0.9996001124382019,0.9983400702476501,0
4574,0.9996001124382019,0.9983400702476501,0
4575,0.9996001124382019,0.9983400702476501,0
4576,0.9995414018630981,0.9983957409858704,0
4577,0.9995414018630981,0.9983957409858704,0
4578,0.9995414018630981,0.9983957409858704,0
4579,0.9995414018630981,0.9983957409858704,0
4580,0.9995414018630981,0.9983957409858704,0
4581,0.9995414018630981,0.9983957409858704,0
4582,0.9995414018630981,0.9983957409858704,0
4583,0.9995414018630981,0.9983957409858704,0
4584,0.9995414018630981,0.9983957409858704,0
4585,0.9995414018630981,0.9983957409858704,0
4586,0.9995414018630981,0.9983957409858704,0
4587,0.9995414018630981,0.9983957409858704,0
4588,0.9995414018630981,0.9983957409858704,0
4589,0.9995414018630981,0.9983957409858704,0
4590,0.9995414018630981,0.9983957409858704,0
4591,0.9995414018630981,0.9983957409858704,0
4592,0.9994577765464783,0.9983870983123779,0
4593,0.9994577765464783,0.9983870983123779,0
4594,0.9994577765464783,0.9983870983123779,0
4595,0.9994577765464783,0.9983870983123779,0
4596,0.9994577765464783,0.9983870983123779,0
4597,0.9994577765464783,0.9983870983123779,0
4598,0.9994577765464783,0.9983870983123779,0
4599,0.9994577765464783,0.9983870983123779,0
4600,0.9994577765464783,0.9983870983123779,0
4601,0.9994577765464783,0.9983870983123779,0
4602,0.9994577765464783,0.9983870983123779,0
4603,0.9994577765464783,0.9983870983123779,0
4604,0.9994577765464783,0.9983870983123779,0
4605,0.9994577765464783,0.9983870983123779,0
4606,0.9994577765464783,0.9983870983123779,0
4607,0.9994577765464783,0.9983870983123779,0
4608,0.9993550181388855,0.9983547329902649,0
4609,0.9993550181388855,0.9983547329902649,0
4610,0.9993550181388855,0.9983547329902649,0
4611,0.9993550181388855,0.9983547329902649,0
4612,0.9993550181388855,0.9983547329902649,0
4613,0.9993550181388855,0.9983547329902649,0
4614,0.9993550181388855,0.9983547329902649,0
4615,0.9993550181388855,0.9983547329902649,0
4616,0.9993550181388855,0.9983547329902649,0
4617,0.9993550181388855,0.9983547329902649,0
4618,0.9993550181388855,0.9983547329902649,0
4619,0.9993550181388855,0.9983547329902649,0
4620,0.9993550181388855,0.9983547329902649,0
4621,0.9993550181388855,0.9983547329902649,0
4622,0.9993550181388855,0.9983547329902649,0
4623,0.9993550181388855,0.9983547329902649,0
4624,0.9992011189460754,0.9982991218566895,0
4625,0.9992011189460754,0.9982991218566895,0
4626,0.9992011189460754,0.9982991218566895,0
4627,0.9992011189460754,0.9982991218566895,0
4628,0.9992011189460754,0.9982991218566895,0
4629,0.9992011189460754,0.9982991218566895,0
4630,0.9992011189460754,0.9982991218566895,0
4631,0.9992011189460754,0.9982991218566895,0
4632,0.9992011189460754,0.9982991218566895,0
4633,0.9992011189460754,0.9982991218566895,0
4634,0.9992011189460754,0.9982991218566895,0
4635,0.9992011189460754,0.9982991218566895,0
4636,0.9992011189460754,0.9982991218566895,0
4637,0.9992011189460754,0.9982991218566895,0
4638,0.9992011189460754,0.9982991218566895,0
4639,0.9992011189460754,0.9982991218566895,0
4640,0.9989105463027954,0.99822598695755,0
4641,0.9989105463027954,0.99822598695755,0
4642,0.9989105463027954,0.99822598695755,0
4643,0.9989105463027954,0.99822598695755,0
4644,0.9989105463027954,0.99822598695755,0
4645,0.9989105463027954,0.99822598695755,0
4646,0.9989105463027954,0.99822598695755,0
4647,0.9989105463027954,0.99822598695755,0
4648,0.9989105463027954,0.99822598695755,0
4649,0.9989105463027954,0.99822598695755,0
4650,0.9989105463027954,0.99822598695755,0
4651,0.9989105463027954,0.99822598695755,0
4652,0.9989105463027954,0.99822598695755,0
4653,0.9989105463027954,0.99822598695755,0
4654,0.9989105463027954,0.99822598695755,0
4655,0.9989105463027954,0.99822598695755,0
4656,0.9983534812927246,0.9981182217597961,0
4657,0.9983534812927246,0.9981182217597961,0
4658,0.9983534812927246,0.9981182217597961,0
4659,0.9983534812927246,0.9981182217597961,0
4660,0.9983534812927246,0.9981182217597961,0
4661,0.9983534812927246,0.9981182217597961,0
4662,0.9983534812927246,0.9981182217597961,0
4663,0.9983534812927246,0.9981182217597961,0
4664,0.9983534812927246,0.9981182217597961,0
4665,0.9983534812927246,0.9981182217597961,0
4666,0.9983534812927246,0.9981182217597961,0
4667,0.9983534812927246,0.9981182217597961,0
4668,0.9983534812927246,0.9981182217597961,0
4669,0.9983534812927246,0.9981182217597961,0
4670,0.9983534812927246,0.9981182217597961,0
4671,0.9983534812927246,0.9981182217597961,0
4672,0.9974875450134277,0.9980547428131104,0
4673,0.9974875450134277,0.9980547428131104,0
4674,0.9974875450134277,0.9980547428131104,0
4675,0.9974875450134277,0.9980547428131104,0
4676,0.9974875450134277,0.9980547428131104,0
4677,0.9974875450134277,0.9980547428131104,0
4678,0.9974875450134277,0.9980547428131104,0
4679,0.9974875450134277,0.9980547428131104,0
4680,0.9974875450134277,0.9980547428131104,0
4681,0.9974875450134277,0.9980547428131104,0
4682,0.9974875450134277,0.9980547428131104,0
4683,0.9974875450134277,0.9980547428131104,0
4684,0.9974875450134277,0.9980547428131104,0
4685,0.9974875450134277,0.9980547428131104,0
4686,0.9974875450134277,0.9980547428131104,0
4687,0.9974875450134277,0.9980547428131104,0
4688,0.9956484436988831,0.9979234933853149,0
4689,0.9956484436988831,0.9979234933853149,0
4690,0.9956484436988831,0.9979234933853149,0
4691,0.9956484436988831,0.9979234933853149,0
4692,0.9956484436988831,0.9979234933853149,0
4693,0.9956484436988831,0.9979234933853149,0
4694,0.9956484436988831,0.9979234933853149,0
4695,0.9956484436988831,0.9979234933853149,0
4696,0.9956484436988831,0.9979234933853149,0
4697,0.9956484436988831,0.9979234933853149,0
4698,0.9956484436988831,0.9979234933853149,0
4699,0.9956484436988831,0.9979234933853149,0
4700,0.9956484436988831,0.9979234933853149,0
4701,0.9956484436988831,0.9979234933853149,0
4702,0.9956484436988831,0.9979234933853149,0
4703,0.9956484436988831,0.9979234933853149,0
4704,0.9926884770393372,0.9978424310684204,0
4705,0.9926884770393372,0.9978424310684204,0
4706,0.9926884770393372,0.9978424310684204,0
4707,0.9926884770393372,0.9978424310684204,0
4708,0.9926884770393372,0.9978424310684204,0
4709,0.9926884770393372,0.9978424310684204,0
4710,0.9926884770393372,0.9978424310684204,0
4711,0.9926884770393372,0.9978424310684204,0
4712,0.9926884770393372,0.9978424310684204,0
4713,0.9926884770393372,0.9978424310684204,0
4714,0.9926884770393372,0.9978424310684204,0
4715,0.9926884770393372,0.9978424310684204,0
4716,0.9926884770393372,0.9978424310684204,0
4717,0.9926884770393372,0.9978424310684204,0
4718,0.9926884770393372,0.9978424310684204,0
4719,0.9926884770393372,0.9978424310684204,0
4720,0.9871843457221985,0.9974707365036011,0
4721,0.9871843457221985,0.9974707365036011,0
4722,0.9871843457221985,0.9974707365036011,0
4723,0.9871843457221985,0.9974707365036011,0
4724,0.9871843457221985,0.9974707365036011,0
4725,0.9871843457221985,0.9974707365036011,0
4726,0.9871843457221985,0.9974707365036011,0
4727,0.9871843457221985,0.9974707365036011,0
4728,0.9871843457221985,0.9974707365036011,0
4729,0.9871843457221985,0.9974707365036011,0
4730,0.9871843457221985,0.9974707365036011,0
4731,0.9871843457221985,0.9974707365036011,0
4732,0.9871843457221985,0.9974707365036011,0
4733,0.9871843457221985,0.9974707365036011,0
4734,0.9871843457221985,0.9974707365036011,0
4735,0.9871843457221985,0.9974707365036011,0
4736,0.976230263710022,0.996867835521698,0
4737,0.976230263710022,0.996867835521698,0
4738,0.976230263710022,0.996867835521698,0
4739,0.976230263710022,0.996867835521698,0
4740,0.976230263710022,0.996867835521698,0
4741,0.976230263710022,0.996867835521698,0
4742,0.976230263710022,0.996867835521698,0
4743,0.976230263710022,0.996867835521698,0
4744,0.976230263710022,0.996867835521698,0
4745,0.976230263710022,0.996867835521698,0
4746,0.976230263710022,0.996867835521698,0
4747,0.976230263710022,0.996867835521698,0
4748,0.976230263710022,0.996867835521698,0
4749,0.976230263710022,0.996867835521698,0
4750,0.976230263710022,0.996867835521698,0
4751,0.976230263710022,0.996867835521698,0
